User_Id,Item_Id,Posted,Title,Developer
js41637,239030,2013-11-29,"Papers, Please",
evcentric,263360,2014-10-15,3089 -- Futuristic Action RPG,Phrts Software
doctr,250320,2013-10-14,The Wolf Among Us,Telltale Games
maplemage,204300,2013-07-11,Awesomenauts - the 2D moba,Ronimo Games
76561198077246154,304930,2014-08-25,Unturned,Smartly Dressed Games
tru_mu_,287980,2015-12-15,Mini Metro,Dinosaur Polo Club
VVillis,213670,2015-01-06,South Park™: The Stick of Truth™,Obsidian Entertainment
76561198070194565,248570,2015-11-09,Toribash,Nabi Studios
UTNerd24,376920,2015-06-06,Tiki Man,Anarchy Enterprises
Life-Of-Blu,377160,2015-11-13,Fallout 4,Bethesda Game Studios
CaptianAutismo,252490,2015-12-17,Rust,Facepunch Studios
kube134,251990,2014-06-28,Long Live The Queen,Hanako Games
iamthekingofbrowntown,252950,2015-09-13,Rocket League®,Psyonix Inc
Posiblydead,277430,2014-04-11,Halo: Spartan Assault,Vanguard Games Industries
76561198102421718,274940,2015-08-03,Depth,Digital Confectioners
76561198030567998,32430,2014-02-23,STAR WARS™ - The Force Unleashed™ Ultimate Sith Edition,Lucasartsaspyr Studios
76561198030567998,332800,2014-11-11,Five Nights at Freddy's 2,Scott Cawthon
76561198060447950,200510,2015-09-26,XCOM: Enemy Unknown,Firaxis Gamesferal Interactive Macferal Interactive Linux
Nozomikat,264200,2014-08-01,One Finger Death Punch,Silver Dollar Games
ii_voltage_ii,253710,2014-06-29,theHunter Classic,Expansive Worldsavalanche Studios
Xx-Woods,295550,2014-08-17,Royal Quest,Katauri
kevinator23,8850,2015-09-06,BioShock® 2,K Marink Chinadigital Extremesk Australiaferal Interactive Mac
kevinator23,220240,2014-05-24,Far Cry 3,Ubisoft Montreal Massive Entertainment And Ubisoft Shanghai
kevinator23,320760,2015-07-06,Tokyo School Life,M Coltd
de_Butl3r,209870,2014-10-13,Blacklight: Retribution,Hardsuit Labs
Bluezap1,362890,2015-12-27,Black Mesa,Crowbar Collective
Lord_Exploit,311560,2015-03-13,Assassin’s Creed® Rogue,Ubisoft Sofiaubisoft Kiev
AVATAR715,266430,2015-02-25,Anarchy Arcade,Elijah Newmangomez
Magjiikal,370480,2015-10-05,Pixel Galaxy,Serenity Forge
2768820078,221380,2015-08-08,Age of Empires II HD,Skybox Labshidden Path Entertainmentensemble Studios
2768820078,287700,2015-09-01,METAL GEAR SOLID V: THE PHANTOM PAIN,Konami Digital Entertainment
EizanAratoFujimaki,70,2015-10-28,Half-Life,Valve
Pyromanic,240,2013-02-15,Counter-Strike: Source,Valve
WitchHunter4542,237310,2015-01-13,Elsword,Kog
76561198043458582,107410,2015-11-22,Arma 3,Bohemia Interactive
1337lolroflmao,7940,2013-12-28,Call of Duty® 4: Modern Warfare®,Infinity Wardaspyr Mac
1337lolroflmao,10180,2013-12-28,Call of Duty®: Modern Warfare® 2,Infinity Wardaspyr Mac
76561198065593074,304050,2015-09-23,Trove,Trion Worlds
66666669999999,302830,2015-01-05,BLOCKADE 3D,Shumkov Dmitriy
ReMiXOfficalSteam,352460,2015-10-12,Dead Realm,Section Studios
redsncrimson,274920,2014-12-23,FaceRig,Holotech Studios
76561198071214618,268750,2015-05-11,Magicite,Smashgames
Michaelele,6060,2014-08-07,"Star Wars: Battlefront 2 (Classic, 2005)",Pandemic Studios
76561198079990063,231040,2014-03-14,Beatbuddy: Tale of the Guardians,Threaks
76561198084542731,47790,2014-02-16,Medal of Honor™,Electronic Arts
GamerFag,380,2011-01-27,Half-Life 2: Episode One,Valve
GamerFag,420,2011-01-27,Half-Life 2: Episode Two,Valve
ulramite,290020,2014-10-27,LogicBots,Incandescent Games
SALTTHEW0UND,248820,2015-06-12,Risk of Rain,Hopoo Games Llc
TomoeMamiewe,10150,2014-02-16,Prototype™,Radical Entertainment
76561198057086148,214950,2015-01-17,Total War™: ROME II - Emperor Edition,Creative Assembly
76561198167207237,265930,2015-11-29,Goat Simulator,Coffee Stain Studios
advenger95,307690,2015-09-02,Sleeping Dogs: Definitive Edition,United Front Gamesferal Interactive Mac
Agronoth,9450,2015-07-15,"Warhammer® 40,000: Dawn of War® - Soulstorm",Relic Entertainment
76561198068565589,286570,2015-07-18,F1 2015,Codemastersferal Interactive Linux
NaruseAiria,108600,2014-10-15,Project Zomboid,The Indie Stone
76561198067713802,239660,2015-09-27,Soldier Front 2,Dragonfly
Albolah,283920,2015-12-29,Putt-Putt® Joins the Parade,Humongous Entertainment
Albolah,294650,2015-12-30,Putt-Putt® Goes to the Moon,Humongous Entertainment
maxpaynepillkiller,12120,2015-12-30,Grand Theft Auto: San Andreas,Rockstar Games
76561198075935236,250900,2015-08-27,The Binding of Isaac: Rebirth,Nicalis Inc
AMV72,206440,2013-01-21,To the Moon,Freebird Games
Andraison,22230,2015-07-31,Rock of Ages,Ace Team
76561198099625419,200260,2014-05-08,Batman: Arkham City - Game of the Year Edition,Rocksteady Studiosferal Interactive Mac
76561198099625419,241540,2013-12-20,State of Decay,Undead Labs
76561198037888300,344770,2015-09-12,fault - milestone two side:above,Alice In Dissonance
76561198084123358,9900,2015-02-07,Star Trek Online,Cryptic Studios
76561198039441595,20,2014-06-20,Team Fortress Classic,Valve
76561198039441595,269250,2015-05-06,WORLD END ECONOMiCA episode.01,Spicy Tails
AppoGetsSuperAdmin,212500,2015-06-26,The Lord of the Rings Online™,Standing Stone Games Llc
76561198012909706,218130,2013-12-07,Dungeonland,Critical Studio
76561197974500703,57300,2010-12-28,Amnesia: The Dark Descent,Frictional Games
76561197974500703,18700,2011-12-27,And Yet It Moves,Broken Rules
76561198047185525,226620,2013-12-16,Desktop Dungeons,Qcf Design
deployablearchnagel,265630,2014-05-30,Fistful of Frags,Fistful Of Frags Team
Array71,8500,2014-09-27,EVE Online,Ccp
Mackus1011,380600,2015-08-31,Fishing Planet,Fishing Planet Llc
darkmassieh,230190,2015-04-21,War for the Overworld,Brightrock Games
asianturtlefrenzy,246420,2015-12-27,Kingdom Rush,Ironhide Game Studio
asianturtlefrenzy,418340,2015-12-26,RWBY: Grimm Eclipse,Rooster Teeth Games
LaLocaDeLosDulces,80,2015-06-27,Counter-Strike: Condition Zero,Valve
Astrelt,212200,2014-12-13,Mabinogi,Nexon Korea Corp
Astrelt,387860,2015-12-05,the static speaks my name,The Whale Husband
Swish0009,203160,2014-06-22,Tomb Raider,Crystal Dynamicsferal Interactive Macferal Interactive Linux
Aurora99,8400,2014-05-02,Geometry Wars: Retro Evolved,Bizarre Creations
Aurora99,282440,2015-02-15,Quake Live™,Id Software
Aurora99,369580,2015-07-22,NotGTAV,Notgames
76561198083375450,113420,2014-02-10,Fallen Earth Free2Play,Reloaded Productions
76561198083375450,224600,2014-03-23,Defiance,Trion Worlds Inc
auzmoz,320,2013-01-18,Half-Life 2: Deathmatch,Valve
fatrangacuntnolifevirgin,202970,2014-07-29,Call of Duty®: Black Ops II,Treyarch
de_triggered,224540,2015-07-06,Ace of Spades: Battle Builder,Jagex Limited
de_triggered,233450,2015-07-06,Prison Architect,Introversion Software
BAW_Killer,359550,2015-12-13,Tom Clancy's Rainbow Six® Siege,Ubisoft Montreal
76561198018560501,10500,2013-11-27,Empire: Total War™,The Creative Assemblyferal Interactive Macferal Interactive Linux
Infixation,328220,2015-05-06,Wild Season,Quickfire Games
76561198047304525,239070,2014-08-12,Hammerwatch,Crackshell
Bennysaputra,10,2015-08-01,Counter-Strike,Valve
76561198030636321,255710,2015-04-02,Cities: Skylines,Colossal Order Ltd
CHAAANG,238320,2015-09-23,Outlast,Red Barrels
bitmat,201420,2013-07-11,Toki Tori 2+,Two Tribes
76561198030735076,339610,2015-04-09,Freestyle 2: Street Basketball,Joycity
Bluegills,39150,2013-12-22,FINAL FANTASY VIII,Square Enix
Bluegills,293780,2014-08-07,Crawl,Powerhoof
rrbr,270370,2015-01-21,Lambda Wars Beta,Vortal Storm
rrbr,244050,2015-10-01,Rise of Flight United,Studios
bobseagull,242720,2014-05-02,GunZ 2: The Second Duel,Masangsoft Inc
bobseagull,251630,2014-05-23,The Impossible Game,Grip Games
76561198007539695,45730,2014-10-28,Dark Void™ Zero,Other Ocean Interactive
76561198007539695,99400,2014-03-29,Garshasp: The Monster Slayer,Dead Mage
saint556,233190,2014-01-05,Final Exam,Mighty Rocket Studio
brettebear,220780,2014-06-20,Thomas Was Alone,Bithell Games
76561198046094676,4560,2013-09-23,Company of Heroes - Legacy Edition,Relic Entertainment
76561198046094676,25890,2013-03-25,Hearts of Iron III,Paradox Development Studio
76561198059167106,41300,2014-12-12,Altitude,Nimbly Games
Trutle,224760,2014-06-21,FEZ,Polytron Corporation
BugsyBro,291480,2014-07-03,Warface,Crytek
BugsyBro,322910,2015-05-05,"Warhammer 40,000: Regicide",Hammerfall Publishing
76561198094074209,393420,2015-12-18,Hurtworld,Bankroll Studios
busternut,237870,2015-12-27,Planet Explorers,Pathea Games
76561198044402508,302590,2015-01-17,Of Guards And Thieves,Subvert Games
camduman,109600,2014-07-24,Neverwinter,Cryptic Studios
aquelecaraqfazaquilo,19000,2015-01-21,Silent Hill Homecoming,Double Helix Games
aquelecaraqfazaquilo,330840,2015-06-19,Game of Thrones - A Telltale Games Series,Telltale Games
76561197992910116,259720,2014-02-06,Fading Hearts,Sakura River Interactive
76561197992910116,293920,2014-06-09,Spirited Heart Deluxe,Winter Wolves
76561198070072786,400,2014-02-22,Portal,Valve
76561198007988939,305620,2015-11-02,The Long Dark,Hinterland Studio Inc
Lord_Casso,323370,2015-07-11,TERA,Bluehole Inc
fsfs546hd,70000,2013-11-14,Dino D-Day,North And Digital Ranch
76561198045283919,244410,2015-03-07,Supreme Ruler 1936,Battlegoat Studios
ElementalGodChaos,263500,2014-04-25,Dragons and Titans,Wyrmbyte
chicken_tonight,206190,2015-09-03,Gunpoint,Suspicious Developments
chicken_tonight,268650,2015-08-15,From the Depths,Brilliant Skies Ltd
chicken_tonight,285900,2015-11-18,Gang Beasts,Boneloaf
OfficialSenix,273110,2015-10-19,Counter-Strike Nexon: Zombies,Nexon
OfficialSenix,312280,2015-11-18,Simply Chess,Blueline Games
76561198071207551,354140,2015-05-28,Five Nights at Freddy's 3,Scott Cawthon
76561198078246064,233270,2015-04-18,Far Cry 3 - Blood Dragon,Ubisoft Montreal
SirParadiseLost,41700,2015-06-07,S.T.A.L.K.E.R.: Call of Pripyat,Gsc Game World
76561198061456632,301640,2015-12-13,Zombie Army Trilogy,Rebellion
76561198071955492,214490,2014-10-25,Alien: Isolation,Creative Assemblyferal Interactive Macferal Interactive Linux
bruhbruhxd,311210,2015-11-20,Call of Duty®: Black Ops III,Treyarch
76561198045148546,306130,2015-07-11,The Elder Scrolls® Online: Tamriel Unlimited™,Zenimax Online Studios
76561198067214601,67370,2014-03-08,The Darkness II,Digital Extremes
76561198067214601,205100,2013-09-12,Dishonored,Arkane Studios
76561198107811819,346120,2015-02-27,Boring Man - Online Tactical Stickman Combat,Spasman Games
aweoplopo,42700,2014-09-11,Call of Duty®: Black Ops,Treyarch
THE_ART_OF_FEEDING,209730,2013-12-29,R.A.W. Realms of Ancient War,Wizarbox
76561198074763789,57690,2015-04-06,Tropico 4,Haemimont Games
blackcheeze,216150,2014-06-30,MapleStory,Nexon
76561198078913614,312990,2014-08-09,The Expendabros,Free Lives
BOBROSSJPEGEXE,287450,2015-12-06,Rise of Nations: Extended Edition,Skybox Labsbig Huge Games
76561198008827809,234330,2014-05-07,Marvel Puzzle Quest,Demiurge Studios
DerpyAura,235460,2015-03-28,METAL GEAR RISING: REVENGEANCE,Platinumgames
beepbeepimasheep,327890,2014-12-06,I am Bread,Bossa Studios
digfernandes,214250,2014-08-21,I Am Alive,Ubisoft Shangha
digfernandes,38410,2014-10-28,Fallout 2: A Post Nuclear Role Playing Game,Black Isle Studios
dijakeplays,321360,2014-12-04,Primal Carnage: Extinction,Circle Five Studiospub Games
NathanielPeace,239800,2014-06-09,Bleed,Ian Campbell
76561198023903233,409160,2015-12-28,"Dr. Langeskov, The Tiger, and The Terribly Cursed Emerald: A Whirlwind Heist",Crows Crows Crows
regentorange,208580,2013-12-21,STAR WARS™ Knights of the Old Republic™ II - The Sith Lords™,Obsidian Entertainmentaspyr Mac Linux Amp Windows Update
duzim,335330,2015-05-11,Brick-Force,Exe Games Inc
76561197995098683,40100,2010-11-23,Supreme Commander 2,Gas Powered Games
swscorpian,25010,2015-12-05,Lugaru HD,Wolfire Games
swscorpian,357330,2015-11-06,Space Beast Terror Fright,Nornware Ab
Cab117,102500,2015-01-14,Kingdoms of Amalur: Reckoning™,Big Huge Games Studios
Cab117,34870,2013-12-29,Sniper: Ghost Warrior 2,City Interactive
thedragon347,35720,2013-12-29,Trine 2: Complete Story,Frozenbyte
JamesDurham23JubileeRd,367240,2015-08-14,Avenging Angel,Dark Amber Softworks
Efreak,313340,2014-08-18,Mountain,David Oreilly
hoot_toot,1900,2014-07-08,Earth 2160,Reality Pump Studios
76561198032373589,235360,2013-12-09,Prime World: Defenders,Nival
76561198061285334,33230,2014-10-09,Assassin's Creed 2 Deluxe Edition,Ubisoft Montreal
76561198162487321,418070,2015-12-10,Turbo Pug,Space Cat Studiossnowflameback To Basics Gaming
76561198019669521,8970,2015-08-10,Axel &amp; Pixel,Silver Wish Games
maketeanotwar,233290,2014-12-01,Murdered: Soul Suspect,Airtight Games
76561198048230501,70300,2015-06-15,VVVVVV,Terry Cavanagh
76561197996156672,273350,2015-12-02,Evolve Stage 2,Turtle Rock Studios
sphix,305260,2014-11-26,Battle Islands,Dr Studios
halofreak61,130,2015-01-07,Half-Life: Blue Shift,Gearbox Software
76561198123074348,293540,2014-12-13,Guns and Robots,Masthead Studios Ltd
76561198123074348,332070,2014-12-13,School of Dragons,Jumpstart Games Inc
76561198065934504,24960,2015-04-13,Battlefield: Bad Company™ 2,Dice
76561198065934504,215670,2013-01-11,Home,Benjamin Rivers Inc
Bhulb,222980,2014-03-28,Dead Pixels,Csrstudios
macey_moo,24010,2015-10-15,Train Simulator,Dovetail Games
Infinitespeed,279720,2015-05-22,The I of the Dragon,Primal
iSkulz,113400,2015-12-19,APB Reloaded,Reloaded Productions
ysarge,2500,2014-03-24,Shadowgrounds,Frozenbyte
ysarge,281370,2014-08-22,Real Horror Stories Ultimate Edition,Gameore
76561198041845214,7520,2014-10-29,Two Worlds II HD,Reality Pump Studios
Jonaleko,303390,2015-11-11,Dead Bits,Microblast Games
jubjub727,332310,2015-06-02,LEGO® Worlds,Tt Gamestravellers Tales
jukianinja,48720,2014-06-27,Mount &amp; Blade: With Fire &amp; Sword,Taleworlds Entertainment
JunG00berfuckingsucks,9050,2015-07-25,DOOM 3,Id Software
76561198036171355,236370,2013-11-29,Interstellar Marines,Zero Point Software
usaidwotnow,22350,2014-12-17,BRINK,Splash Damage
usaidwotnow,98400,2013-01-04,Hard Reset Extended Edition,Flying Wild Hog
TheKiwiMantis,263280,2014-11-27,SPINTIRES™,Oovee Game Studios
knitro,24740,2013-07-16,Burnout Paradise: The Ultimate Box,Criterion Games
kuroTENSHI_bread,35480,2013-12-17,Dwarfs!?,Power Of
LaughingRobot,219830,2013-11-11,King Arthur's Gold,Transhuman Design
NUZXD,25830,2014-11-28,Knights of Honor,Black Sea Studios Ltd
558092,250260,2014-02-12,Jazzpunk: Director's Cut,Necrophone Games
76561198056549802,8170,2015-02-23,Battlestations Pacific,Eidos Studio Hungary
76561198071599137,225600,2014-05-28,Blade Symphony,Puny Human
Lickidactyl,71340,2015-02-13,Sonic Generations Collection,Devils Details
linksupersayan,329440,2015-11-03,Sonic Lost World,Sonic Team
76561198046807777,304410,2014-12-24,Hexcells Infinite,Matthew Brown
companothemuslim,57740,2013-03-28,Jagged Alliance - Back in Action,Coreplay Gmbhbigmoon Studios
lewisbigd,274170,2015-03-20,Hotline Miami 2: Wrong Number,Dennaton Games
lewisbigd,313080,2015-06-06,The Masterplan,Shark Punch
lordoftheguppies,324260,2015-05-24,VoidExpanse,Atomictorch Studio
76561198051157544,282800,2015-01-26,100% Orange Juice,Orangejuice
milez1987,99700,2011-12-13,NightSky,Nicalis Inc
TacticalCrayon,16450,2012-03-23,F.E.A.R. 2: Project Origin,Monolith
76561198063274178,375600,2015-09-14,Air Brawl,Landfall
maaatzbr,209650,2015-03-14,Call of Duty®: Advanced Warfare - Gold Edition,Sledgehammer Gamesraven Software
mavoks,211500,2014-07-14,RaceRoom Racing Experience,Sector Studios
76561198066312344,244930,2015-03-20,SNOW,Poppermost Productions
meltingman234,286100,2014-12-17,You Have to Win the Game,Minor Key Games
meltingman234,227600,2014-03-29,Castle of Illusion,Sega Studios Australiaferal Interactive Mac
meltingman234,252150,2014-02-21,Grimm,Spicyhorse Games
76561198058988942,298160,2014-11-21,Eldevin,Hunted Cow Studios
135781,289650,2014-11-15,Assassin's Creed® Unity,Ubisoft
76561198038398765,227220,2014-04-02,Sang-Froid - Tales of Werewolves,Artifice Studio
vaughan,300380,2015-07-10,Road Redemption,Pixel Dash Studios Eqgames
54678907652,253250,2015-10-04,Stonehearth,Radiant Entertainment
76561198068239282,265550,2014-10-06,Dead Rising 3 Apocalypse Edition,Capcom Game Studio Vancouver
76561198001688490,12220,2014-11-28,Grand Theft Auto: Episodes from Liberty City,Rockstar North Toronto
76561197986529825,268400,2015-03-12,Panzer Corps,Flashback Gamesthe Lordz Games Studio
76561198087039124,45100,2014-01-13,Secret of the Magic Crystals,Artery Games
GuiCreed368,241560,2014-12-21,The Crew™,Ivory Tower In Collaboration With Ubisoft Reflections
76561197970724420,35700,2011-10-31,Trine Enchanted Edition,Frozenbyte
Greendove,247020,2014-01-02,"Cook, Serve, Delicious!",Vertigo Gaming Inc
Mediev,271860,2015-01-10,Super Killer Hornet: Resurrection,Flump Studios
Pedacker,253690,2014-04-05,Tiny Brains,Spearhead Games
76561198075913639,220260,2013-01-04,Farming Simulator 2013 Titanium Edition,Giants Software
phrostb,45760,2013-11-01,Ultra Street Fighter® IV,Capcom
phrostb,238210,2014-03-23,System Shock 2,Irrational Gameslooking Glass Studios
phrostb,207750,2014-03-30,Symphony,Empty Clip Studios
phrostb,387240,2015-12-23,Steel Rain,Polarityflowadrian Zingg
76561197979086508,256190,2014-08-01,Enemy Front,Ci Games
Ppkdoevil,315430,2015-07-10,Polarity,Bluebutton Games
UZS,342970,2015-05-20,Pixel Survivors,Sachonskirenamilanesisith
minecraftdude1111,71250,2014-12-03,Sonic Adventure DX,Sega
Podzoz,300,2013-12-19,Day of Defeat: Source,Valve
notthesemuffins,304650,2014-09-07,SUNLESS SEA,Failbetter Games
76561198063159016,275100,2015-03-10,Shelter 2,Might And Delight
dizioboy,351790,2015-03-06,Invisible Apartment,Milan Kazarkajeroen Van Oosten
76561198024531364,260430,2015-07-02,The Four Kings Casino and Slots,Digital Leisure Inc
76561197981203305,33980,2013-12-25,Pound of Ground,Centauri Production
76561198094936736,239200,2014-06-27,Amnesia: A Machine for Pigs,The Chinese Room
revolverace,15700,2011-12-28,Oddworld: Abe's Oddysee®,Oddworld Inhabitants
76561198060295827,390670,2015-11-16,Steel Ocean,Ice Entertainment
76561198072526121,22330,2014-05-16,The Elder Scrolls IV: Oblivion® Game of the Year Edition,Bethesda Game Studios
76561198092310770,399790,2015-12-10,Destiny Warriors RPG,Ninjalex
SakifX9,92800,2014-06-26,SpaceChem,Zachtronics
SakifX9,307070,2014-12-31,Memories of a Vagabond,Darkelite
LunkTehHero,386360,2015-09-08,SMITE®,Hirez Studios
76561198058760041,353560,2015-10-24,Plug &amp; Play,Mario Von Rickenbachmichael Frei
MegaMario48,293500,2015-09-19,Amazing World™,Ganz
lilwoynintehhizzle,55150,2012-09-20,"Warhammer 40,000: Space Marine",Relic
senpai_the_slutty,204630,2015-03-13,Retro City Rampage™ DX,Vblank Entertainment Inc
76561198043587948,45770,2015-02-17,Dead Rising 2: Off the Record,Capcom Vancouver
Shredderman962,263960,2014-09-07,Wyv and Keep: The Temple of the Lost Idol,A Jolly Corpse
SpiritOfDeath2,303210,2015-12-27,The Beginner's Guide,Everything Unlimited Ltd
76561198059366714,368990,2015-07-30,Despair,Agc
76561198085601351,206500,2014-11-06,AirMech Strike,Carbon Games
ethanabey,247730,2014-07-02,Nether: Resurrected,Phosphor Games Studio
_SNS_,204880,2013-07-18,Sins of a Solar Empire®: Rebellion,Ironclad Gamesstardock Entertainment
76561198055096033,227180,2015-01-23,Kingdom Wars,Reverie World Studios
NotStomm,38720,2015-03-10,RUSH,Two Tribes
stormshado,228300,2015-09-06,Remember Me,Dontnod Entertainment
frost27820,237110,2015-04-07,Mortal Kombat Komplete Edition,Netherrealm Studioshigh Voltage Software
76561198103243648,270150,2015-04-06,RUNNING WITH RIFLES,Osumia Games
GameTaj,375510,2015-08-11,New kind of adventure,Mint Age Studios
OFFICIALDRTECHNO,250380,2013-11-23,Knock-knock,Icepick Lodge
thediamond96,235250,2015-02-05,Super Sanctum TD,Coffee Stain Studios
76561198054416836,277460,2014-12-15,Praetorians,Pyro Studios
76561198077337646,2400,2015-01-20,The Ship: Murder Party,Outerlight Ltd
76561198082520598,285920,2015-04-02,TerraTech,Payload Studios
76561198082520598,345580,2015-03-19,Universal Combat CE,Ad
babpls,294160,2015-01-12,Galcon 2: Galactic Conquest,Hassey Enterprises Inc
babpls,301460,2015-01-12,Electronic Super Joy: Groove City,Michael Todd Gamesyazar Media Group Llc
76561197999426881,273770,2014-04-24,Game Tycoon 1.5,Sunlight Games
swagdog69,292140,2015-06-24,FINAL FANTASY® XIII-2,Square Enix
URHNDEH____DERGE,412400,2015-11-18,GASP,Dark Day Interactive
tinfoilcat,242680,2015-12-25,Nuclear Throne,Vlambeer
VoxMaro,231310,2014-06-21,MirrorMoon EP,Santa Ragione
jwatt1991,207080,2013-12-01,Indie Game: The Movie,Blinkworks Media
wjmj,355840,2015-04-04,Survarium,Vostok Games
mrfefe,48000,2013-11-29,LIMBO,Playdead
Harrasian,3920,2015-04-15,Sid Meier's Pirates!,Firaxis Games
76561198032873398,57640,2014-04-15,Broken Sword: Director's Cut,Revolution Software Ltd
reina_san,327410,2015-08-14,A Bird Story,Freebird Games
mikeytyson,335300,2015-04-02,DARK SOULS™ II: Scholar of the First Sin,Fromsoftware Inc
zachster,357650,2015-10-07,Project Explore,Sebastian Nigro
ED13,252350,2014-02-06,Double Dragon: Neon,Wayforwardabstraction Games
ED13,262260,2014-02-06,Jets'n'Guns Gold,Rake In Grass
Leopardts,383120,2015-08-05,Empyrion - Galactic Survival,Eleon Game Studios
adi_a12,384150,2015-09-13,TeraBlaster,Black Shell Games
76561198068688231,246070,2015-01-20,Hack 'n' Slash,Double Fine Productions
SavviSYD,357900,2015-04-02,Make it indie!,Sometimes You
L0RD117,6000,2015-05-18,STAR WARS™ Republic Commando™,Lucasarts
Teknoe,12500,2011-09-14,PuzzleQuest: Challenge of the Warlords,Infinite Interactive
ArchangelItherael,4570,2015-12-28,"Warhammer® 40,000: Dawn of War® - Game of the Year Edition",Relic Entertainment
76561198025409181,20540,2015-08-01,Company of Heroes: Tales of Valor,Relic Entertainment
76561198022316167,240970,2015-06-22,Half Minute Hero: The Second Coming,Opus
Scorpion1903,3483,2015-10-01,Peggle Extreme,Popcap Games Inc
drdoob,263740,2015-09-01,FootLOL: Epic Fail League,Lions Shade
lmn8rx,39140,2013-11-29,FINAL FANTASY VII,Square Enix
TheRealMeatyMate,280,2013-11-26,Half-Life: Source,Valve
Videogamedunderly,404480,2015-09-29,SC2VN - The eSports Visual Novel,Team Eleven Eleven
PritchardGSD,249630,2014-11-27,Delver,Priority Interrupt
MrProvidings,1280,2014-01-11,Darkest Hour: Europe '44-'45,Darklight Games
76561198044060397,263420,2014-11-07,Probably Archery,South East Games
76561198006896411,234140,2015-10-23,Mad Max,Avalanche Studiosferal Interactive Maclinux
76561198057519270,287100,2015-04-20,Chaos Domain,Holy Warpblack Wing Foundation
UberScapE,4580,2014-06-23,"Warhammer® 40,000: Dawn of War® - Dark Crusade",Relic Entertainment
BestinTheWorldThund3r,360,2013-12-01,Half-Life Deathmatch: Source,Valve
minecast24,243800,2015-02-27,Gas Guzzlers Extreme,Gamepires
76561198018293914,18820,2014-06-21,Zero Gear,Brian Cronin
111222333444555666888,307880,2015-11-21,Savage Lands,Signal Studiossmart Ghost
10Degree,351990,2015-12-30,Riff Racer - Race Your Music!,Foam Entertainment
ryno69445,260160,2014-07-02,The Last Tinker™: City of Colors,Mimimi Productions
a4nic8er,208140,2012-12-31,Endless Space® - Collection,Amplitude Studios
Adnurak,263680,2014-03-03,Unearthed: Trail of Ibn Battuta - Episode 1 - Gold Edition,Semaphore
76561198067070151,299460,2015-11-05,Woodle Tree Adventures,Fabio Ferrara
Agnt007,360640,2015-12-30,12 Labours of Hercules II: The Cretan Bull,Jetdogs Studioszoom Out Games
goblinop,236790,2014-04-23,Agricultural Simulator 2013 - Steam Edition,Actalogic
76561198062396491,359050,2015-12-31,Shower With Your Dad Simulator 2015: Do You Still Shower With Your Dad,Marbenx
ohsotoast,267530,2015-05-02,The LEGO® Movie - Videogame,Tt Fusiontravellers Talesferal Interactive Mac
ManiFoldKinesis,292120,2014-10-16,FINAL FANTASY® XIII,Square Enix
4RCH4NG3Ll,307170,2015-12-14,Borealis,Conrad Nelson
archangel147,32380,2015-08-05,STAR WARS™ Jedi Knight: Dark Forces II,Lucasarts
AriakWolf,285480,2015-01-11,The Entente Gold,Lesta Studio
76561198057583546,343270,2015-02-05,Disillusions Manga Horror,Stephenallen
ThePratama190,302970,2014-08-25,Radiant Defense,Hexage
virtueavatar,21660,2011-03-05,Street Fighter® IV,Capcom
76561198050868578,282400,2015-11-10,SuperPower 2 Steam Edition,Golemlabs
alyboxie,32340,2012-08-27,LOOM™,Lucasarts
76561198057926017,310080,2015-12-27,Hatoful Boyfriend,Mediatonichato Moathe Irregular Corporation
76561198006560154,13600,2014-02-20,Prince of Persia®: The Sands of Time,Kudosoft
VilePurple,225080,2015-08-15,Brothers - A Tale of Two Sons,Starbreeze Studios Ab
BeyondBlitz,17580,2013-12-13,Dystopia,Puny Human
GOFUCKYOURSELFYOULILCUNT,324080,2015-10-10,Rising World,Jiwgames
76561198069183109,32800,2014-02-12,Lord of the Rings: War in the North,Snowblind Studios
giveyouagoodlink,204080,2015-07-27,The Showdown Effect,Arrowhead Game Studios
giveyouagoodlink,244590,2015-09-01,Epigenesis,Dead Shark Triplepunch
Vri404,293760,2015-09-14,Automation - The Car Company Tycoon Game,Camshaft Software
brat81,55110,2012-01-02,Red Faction®: Armageddon™,Volition
76561198095920833,34010,2015-06-06,Alpha Protocol™,Obsidian Entertainment
tinbgr,220700,2014-12-01,RPG Maker VX Ace,Kadokawa
76561198138045913,42120,2015-06-20,Lead and Gold: Gangs of the Wild West,Fatshark
76561198054131489,367670,2015-05-06,Controller Companion,Koga Tech Limited
HyperionDooM93,225280,2014-11-15,Full Mojo Rampage,Over The Top Games
76561198040183690,350150,2015-07-08,Scraps: Modular Vehicle Combat,Moment Studio
aaronaaronaaron,335840,2015-02-08,Goats on a Bridge,Cabygon
Crafe,332500,2015-11-15,GRAV,Bitmonster Inc
crashsg32hatesspam,266490,2014-12-21,Lili: Child of Geos - Complete Edition,Bitmonster Inc
76561198093983570,360940,2015-12-16,The Mean Greens - Plastic Warfare,Virtual Basement Llccode Headquarters Llc
76561198095839864,247950,2015-01-02,Sacred 3,Keen Games
Razorleaff,340340,2015-04-13,Domestic Dog,Sean Davy
cyroth,250620,2014-06-02,Among the Sleep - Enhanced Edition,Krillbite Studio
itsdandytime,281820,2014-11-13,Explodemon,Curve Studios
agenteagle,30,2013-12-09,Day of Defeat,Valve
agenteagle,60,2013-11-27,Ricochet,Valve
voaDs,50,2015-05-16,Half-Life: Opposing Force,Gearbox Software
davidmwilliams,385830,2015-09-22,Burgers,Stormsharks
76561198016610271,288470,2014-11-03,Fable Anniversary,Lionhead Studios
decronus,257510,2015-04-12,The Talos Principle,Croteam
dpskipper,252530,2015-10-24,OMSI 2: Steam Edition,Mrsoftware Gbr
76561198058177580,410340,2015-11-27,Liftoff,Lugus Studios
deynarian,248800,2013-10-02,Dysfunctional Systems: Learning to Manage Chaos,Dischan Media
BioFlashPC,345200,2015-02-20,Tasty Blue,Dingo Games
djnemonic,108500,2015-05-28,Vessel,Strange Loop Games
kharr999,248650,2013-12-04,Draw a Stickman: EPIC,Hitcents
76561197996524718,350080,2015-05-26,Wolfenstein: The Old Blood,Machinegames
Droleee,15100,2015-01-09,Assassin's Creed™: Director's Cut Edition,Ubisoft Montreal
DefNotPeter,70400,2015-08-22,Recettear: An Item Shop's Tale,Easygamestation
BESTPERSON,232010,2015-03-06,Euro Truck Simulator,Scs Software
Eehee,9200,2014-06-23,RAGE,Id Software
Ehryus,222140,2014-07-30,Puddle,Neko Entertainment
Ember1654,18500,2014-07-01,Defense Grid: The Awakening,Hidden Path Entertainment
emporer88,375910,2015-11-04,Anno 2205™,Blue Byte
Etoka,42890,2014-10-03,Sword of the Stars: Complete Collection,Kerberos Productions Inc
Frogpro007,65790,2014-09-30,ARMA: Cold War Assault,Bohemia Interactive
InwPaiyouknow,231140,2014-01-04,Cities XL Platinum,Focus Home Interactive
banksyyo,105800,2014-06-24,PixelJunk™ Eden,Qgames Ltd
76561198010653835,294540,2014-06-24,Freddi Fish 3: The Case of the Stolen Conch Shell,Humongous Entertainment
76561198010653835,17570,2015-04-07,"Pirates, Vikings, and Knights II",Octoshark Studios
76561198072930493,342570,2015-04-03,HIS (Heroes In the Sky),Gameus Inc
76561198064006861,302510,2015-12-27,Ryse: Son of Rome,Crytek
pancakes37,259450,2015-10-15,Drifter,Celsius Game Studios
76561198084533872,231060,2014-07-02,Ragnarok Online 2,Gravity Inc
ratgnomekingkeem,38740,2014-10-05,EDGE,Two Tribes
halofan360,214770,2015-10-22,Guacamelee! Gold Edition,Drinkbox Studios
foxlets,47890,2013-12-15,The Sims™ 3,The Sims Studio
imsodonionringsrightnow,15130,2014-11-10,Beyond Good and Evil™,Ubisoft
Kurtz70,377860,2015-12-12,Mushihimesama,Cave Interactive Coltd
Hango115,39190,2015-04-07,Dungeon Siege,Gas Powered Games
Hango115,26800,2015-11-16,Braid,Number None
Hexeus,259530,2014-12-23,Savant - Ascent,Dpad Studio
Hexeus,328500,2014-12-24,Potatoman Seeks the Troof,Pixeljam
hterrormc,251170,2015-04-24,Damned,Heads Game Studios
elephantdick,291010,2015-05-03,The Hat Man: Shadow Ward,Game Mechanics
jaico99rules,9160,2014-07-20,Master Levels for Doom II,Id Software
quaz4,15390,2012-12-09,Brothers in Arms: Hell's Highway™,Gearbox Software
nealsavage,285050,2015-01-28,Showtime!,Myrtilus Entertainment
76561197966587792,2200,2015-01-19,Quake III Arena,Id Software
jett1234,209270,2014-12-18,Hero Academy,Robot Entertainment
dzakuan,290650,2014-08-15,Time Ramesside (A New Reckoning),Panzer Gaming Studios
dzakuan,307340,2015-01-18,Platypus,Idigicon
76561198042151503,273840,2015-07-13,Stock Car Extreme,Reiza Studios
Joshua12345195,269270,2015-07-25,LOVE,Fred Wood
diegoenoisfunksumare,314300,2015-11-02,CubeZ,Imaekgames Imaek Limited
76561198035588684,92000,2014-03-07,Hydrophobia: Prophecy,Dark Energy Digital Ltd
wiinga,337070,2015-01-02,"Dimmdrive :: Gaming Ramdrive @ 10,000+ MB/s",Dimmdrive Inc
superkingofthings,315340,2014-10-04,A.R.E.S. Extinction Agenda EX,Extend Studio
kaizan12,304730,2014-09-10,Train Fever,Urban Games
threashold,304670,2014-10-28,Aeon Command,Bat Country Games Llc
76561198019293015,97100,2012-03-03,Section 8®: Prejudice™,Timegate Studios
76561198004245030,318020,2015-10-03,Act of Aggression - Reboot Edition,Eugen Systems
krogdog,50510,2011-06-24,Burn Zombie Burn!,Doublesix
76561198064599173,252910,2015-11-21,Skyscraper Simulator,United Independent Entertainment Gmbhactalogic
76561197990895276,92700,2014-01-07,Shadow Harvest: Phantom Ops,Black Lion Studios
loafofcheese,221020,2014-01-27,Towns,Xavi Canal Ben Palgi
Lubnut,24840,2014-06-20,Medal of Honor: Airborne,Ea Los Angeles
76561198041085273,367450,2015-07-03,Poly Bridge,Dry Cactus
Tempercanns,243360,2015-09-20,TrackMania² Valley,Nadeo
lyskal,359040,2015-07-15,The Music Machine,David Szymanski
UMURAI,372210,2015-08-18,Spooky Cats,Russpuppy
troiani8,241720,2013-10-25,Guncraft,Exato Games Studio
stuntaneous,6420,2013-07-23,Nexus - The Jupiter Incident,Mithis Gamesthq Nordic
ILikeToMeow,94000,2014-07-30,Dinner Date,Stout Games
mercuryr,339290,2015-01-30,Castle,Snails Animation
76561198072358583,207170,2013-12-06,Legend of Grimrock,Almost Human Games
mikeyg74,407600,2015-12-11,Raiden Legacy - Steam Edition,Dotemu
Milkshakes-,365660,2015-08-13,OlliOlli2: Welcome to Olliwood,Roll
anonymoosebrony,253980,2015-05-29,Enclave,Starbreeze
76561198034277356,289760,2015-01-31,ROCKETSROCKETSROCKETS,Radial Games Corploren Bednardr Kimberly Volllindsay Jorgensen
mozzie-killer,200050,2014-08-01,Naval War: Arctic Circle,Turbo Tape Games
mrmutantduck,258590,2014-04-15,Adventure Time: Finn and Jake's Epic Quest,Ngd Studios
mtmoss,261530,2014-04-28,Lifeless Planet Premier Edition,Stage Studios
Murix,2300,2015-12-11,DOOM II,Id Software
mutatedwombat,297350,2014-12-06,The Old City: Leviathan,Postmod Softworks
76561198094507877,313690,2015-04-11,LEGO® Batman™3: Beyond Gotham,Tt Games Ltdferal Interactive Mac
76561198083293252,257730,2014-02-25,Infinity Wars: Animated Trading Card Game,Lightmare Studios
thetimegoesfastxd77,248170,2015-10-14,Clickteam Fusion 2.5,Clickteam
thetimegoesfastxd77,262490,2015-03-19,Manga Maker Comipo,Comipo Llp
76561198040914212,310700,2014-10-01,Super Win the Game,Minor Key Games
76561198040914212,312630,2014-08-22,OTTTD,Smg Studio
improm8,217690,2014-08-14,Anna - Extended Edition,Dreampainters
SenorcThePie,401810,2015-11-30,Poi,Polykid
omegavondoom,36000,2011-07-09,Foreign Legion: Buckets of Blood,Sakari Indie
PatSWAG,274620,2014-12-23,Skara - The Blade Remains,Bit Studio
76561198040385787,279260,2014-06-21,Richard &amp; Alice,Owl Cave
IcarusRose,340300,2015-12-14,Teddy Floppy Ear - Mountain Adventure,Forever Entertainment S A
kingpineapyula,342200,2015-12-18,MechWarrior Online™,Piranha Games Inc
PinkamenaDianePyro,256050,2014-01-21,Adventure Park,Balive
PlushTurtle,42920,2012-06-06,The Kings' Crusade,Neocoregames
procrastin8or,102600,2011-12-27,Orcs Must Die!,Robot Entertainment
Swahboo,105100,2014-12-05,Lume,State Of Play Games
76561198026055531,312530,2015-07-31,Duck Game,Landon Podbielski
freshafcakes,315600,2015-05-18,Ford Racing 3,Razorworks
oopashfdiohasld,340350,2015-05-30,Quintet,Carmine T Guida
76561197994830976,292630,2015-08-13,Uriel's Chasm,Rail Slave Games
76561197994830976,348380,2015-02-17,The Interview,Anothink
76561198018919551,294860,2015-11-25,Valkyria Chronicles™,Sega
registeredso,304500,2015-05-25,Rooms: The Main Building,Handmade Game
rockjond,203210,2014-03-29,Titan Attacks!,Puppygames
mrjaksauce,7510,2013-10-18,X-Blades,Gaijin Entertainment
roman90009,94200,2011-12-27,Jamestown,Final Form Games
76561198039832932,342980,2015-11-01,Destination Sol,Movingblocks
SambaWarKiddo,45700,2013-12-20,Devil May Cry 4,Capcom
Armedxxp,326410,2015-05-15,Windward,Tasharen Entertainment Inc
gjgfuj,321060,2015-05-16,Gender Bender DNA Twister Extreme,Transcendent Games
heyitissantooo,269310,2014-04-14,Infectonator: Survivors,Toge Productions
seveneightnine,244630,2014-07-11,NEOTOKYO,Studio Radi
look_at_the_damn_profile,233470,2014-01-10,Evoland,Shiro Games
76561197992681922,339400,2015-10-23,Runestone Keeper,Blackfire Games
SKOOOTA,253350,2014-01-01,Tiny Barbarian DX,Starquail Games
76561198060894699,248350,2014-04-13,Omegalodon,North Of Earth
76561198060425303,344860,2015-09-08,Crystal Story II,Emmanuel Salva Cruz
76561198066562072,266070,2014-05-30,City of Steam: Arkadia,Mechanist Games
Stra7x,323380,2015-07-11,The Magic Circle,Question
2ez2xl,40,2014-11-25,Deathmatch Classic,Valve
smcs,20570,2013-11-26,"Warhammer® 40,000: Dawn of War® II Chaos Rising",Relic Entertainmentferal Interactive Maclinux
76561198066515292,365450,2015-08-14,Hacknet,Team Fractal Alligator
76561197961718947,351050,2015-07-15,Cricket Captain 2015,Childish Things
Tezzdog,326670,2015-01-16,Warhammer Quest,Rodeo Gamestwistplay
doctorwho1233,110800,2013-04-29,L.A. Noire,Team Bondirockstar Leeds
TheEternalDay,360550,2015-09-02,Cursed Sight,Invertmouse
76561198086119658,7830,2014-06-11,Men of War™,Best Way
76561198086119658,311140,2014-12-04,The Stalin Subway,Orion Games
keth98,331200,2015-01-18,Grass Simulator,Daniel Davies
THEGHOST646,12830,2014-06-30,Operation Flashpoint: Dragon Rising,Codemasters Studios
Like_A_Director,210550,2014-11-26,Angry Birds Space,Rovio Entertainment Ltd
TheyCallMeDaRrk,317710,2015-05-29,Velocibox,Shawn Beck
OfficialVinyldash,219700,2014-02-06,Dogs of War Online,Cyanide
76561198088209407,312010,2014-11-19,Bird Assassin,Social Loner Studios
76561198017841947,292780,2014-05-20,Pajama Sam 2: Thunder and Lightning Aren't So Frightening,Humongous Entertainment
Oodan432,221680,2015-01-05,Rocksmith® 2014 Edition - Remastered,Ubisoft San Francisco
76561197971285616,370190,2015-10-15,Ruzh Delta Z,Pribuni
76561198079662648,209520,2013-12-30,Mini Motor Racing EVO,The Binary Mill
Wdsy,204530,2013-10-22,Infested Planet,Rocket Bear Games
wookieegoldberg,225360,2013-11-27,DARK,Realmforge Studios
xander_168,292240,2014-05-15,"Spy Fox 2 ""Some Assembly Required""",Humongous Entertainment
napoleoninrags,324810,2015-09-12,TOXIKK™,Reakktor Studios
maibiglargebuttocks,280910,2014-05-08,T.E.C. 3001,Phoenix Game Studio
76561198033992409,237890,2015-03-07,Agarest: Generations of War,Idea Factory
KNGZigg,214970,2013-10-11,Intrusion 2,Aleksey Abramenko
76561198076271617,270510,2014-07-03,EPOCH,Uppercut Games Pty Ltd
zomgieee,62100,2010-12-09,Chime,Zo Mode
theavatar2006,205610,2012-05-05,Port Royale 3,Gaming Minds
creamybuthole,416640,2015-11-10,Diabolical,Choice Of Games
76561198011004336,238910,2015-10-08,Bionic Dues,Arcen Games Llc
DrQuaz,3800,2014-06-08,Advent Rising,Glyphx Games
DrQuaz,202200,2014-09-21,Galactic Civilizations® II: Ultimate Edition,Stardock Entertainment
jadziatuvok,218040,2015-07-19,Democracy 2,Positech Games
yes12429,237950,2015-12-28,UFO: Afterlight,Altar Games
SkinnyPirate,2990,2013-08-04,FlatOut 2™,Bugbear Entertainment
SmokaBluntos,211280,2014-04-04,Primal Fears,Dns Development
76561198060557951,412470,2015-12-15,Metal War Online: Retribution,Gdt Limited
thugnificent,321030,2014-09-28,One Day For Ched,Bs Amp Bsl Team
76561198079709365,24800,2015-06-16,Command &amp; Conquer: Red Alert 3 - Uprising,Ea Los Angeles
rorty,269050,2015-01-18,Year Walk,Simogo
Ameerthetrickster,215710,2015-12-30,Fieldrunners 2,Subatomic Studios Llc
76561198096694241,265330,2014-12-19,Gomo,Fishcow Studio
76561198096694241,286500,2014-12-28,"House of 1,000 Doors: Family Secrets Collector's Edition",Alawar
itsaprofileaboutnothing,298340,2014-06-06,FLASHOUT 2,Jujubee Sa
neadekvat161,364050,2015-10-13,Face It - A game to fight inner demons,Tln Studiosilex Games
Hati_Hati_Hati_Hati_Hati_Hati,375220,2015-06-04,Bitweb,Practicing
reflexaus,264120,2014-03-01,Victory: The Age of Racing,Vae Victis Games
Outbackalien,268220,2015-03-20,Meltdown,Phenomenon Games
Outbackalien,304910,2015-04-11,Sky Gamblers: Storm Raiders,Atypical Games
76561198048191382,60800,2014-03-01,Numen: Contest of Heroes,Cinemax Sro
taku_88,323450,2015-11-09,Alphadia Genesis,Execreate
76561198045884541,315860,2015-08-17,Celestian Tales: Old North,Ekuator Games
stickmasterghost,305070,2014-10-26,FIST OF AWESOME,I Fight Bears
CaptainTitus,259060,2015-12-26,Dominions 4: Thrones of Ascension,Illwinter Game Design
toptinkerintheworld,204340,2014-11-03,Serious Sam 2,Croteam
alvabur,356510,2015-09-05,Soccer Rage,Staminagames
2Degrees,203630,2012-12-22,Warlock - Master of the Arcane,Inoco Plus
76561198060027840,251470,2015-06-16,TowerFall Ascension,Matt Thorson
thedevilinsidebr,42170,2013-11-25,Krater,Fatshark
76561198064063056,102840,2013-12-17,Shank 2,Klei Entertainment
76561198067361221,242700,2013-12-31,Injustice: Gods Among Us Ultimate Edition,Netherrealm Studioshigh Voltage Software
artista69,254460,2015-04-05,Obscure,Hydravision Entertainment
artista69,341940,2015-06-02,Hatred,Destructive Creations
richbags12,392450,2015-12-16,Silver Creek Falls: Chapter 1,Sapphire Dragon Productions
ughok,220460,2013-11-10,Cargo Commander,Serious Brew
bebb0,300970,2015-07-09,Fiesta Online NA,Onson Soft
76561198027517385,242640,2014-10-12,Styx: Master of Shadows,Cyanide Studio
76561198053721457,208730,2014-04-16,Game of Thrones,Cyanide Studios
76561198030021498,293740,2014-08-06,Road Not Taken,Spry Fox Llc
DemonPieOfTheNight,63500,2011-12-22,Swords and Soldiers HD,Ronimo Games
DemonPieOfTheNight,105420,2014-10-07,Ms. Splosion Man,Twisted Pixel Games
76561198080399577,259430,2014-11-08,Zigfrak,Entheogen Studios Llc
76561198080399577,305960,2014-11-08,Dragon: The Game,Sky Drake Studios
bluemuppet,259600,2014-08-03,Finding Teddy,Storybird
Hw__aN,206690,2013-08-20,iBomber Defense Pacific,Cobra Mobile
thisidisused,263100,2014-01-17,9.03m,Space Budgie
pabloagecrash,285160,2014-12-25,LEGO® The Hobbit™,Travellers Talesferal Interactive Mac
Bowmore,6220,2013-09-14,FlatOut,Bugbear Entertainment
76561198063539698,49800,2015-05-01,Flight of the Icarus,Muse Games
buzdbumblebee,71230,2014-12-22,Crazy Taxi,Sega
76561198122930698,257120,2014-11-04,Not The Robots,Darray
caiowulf,335890,2015-10-14,Nanofights,Quantumfrog
Shihad,266110,2014-11-06,Tower of Guns,Terrible Posture Games
channel28,269490,2015-03-01,Bardbarian,Treefortress Games
PotatoBlazing,278970,2015-09-29,Digger Online,Diggerworld Ltd
76561198070439611,73170,2013-12-16,Darkest Hour: A Hearts of Iron Game,Martin Ivanov
CockInCider,283960,2014-04-20,Pajama Sam: No Need to Hide When It's Dark Outside,Humongous Entertainment
darkn64,200170,2014-06-24,Worms Revolution,Team Digital Ltd
rudetube,317620,2015-03-27,Space Hulk Ascension,Full Control Studios
76561197982203533,205990,2015-01-14,Warlock 2: The Exiled,Inoco Plus
CowOnWeed,2270,2015-06-13,Wolfenstein 3D,Id Software
Crackleking76,96800,2013-04-24,Nexuiz,Illfonic
cyckath,32440,2011-11-03,LEGO® Star Wars™ - The Complete Saga,Travellers Talesferal Interactive Mac
Dabeh,44200,2015-05-05,Galcon Fusion,Hassey Enterprises Inc
Aragnum,407510,2015-12-12,Devilian,Bluehole Ginno Games
dickspitarm,314410,2015-11-06,Rampage Knights,Rake In Grass
527788235,291250,2015-09-13,Jumpdrive,Meteoric Games
detailmovie,287120,2015-12-25,Ionball 2: Ionstorm,Ironsun Studios
comcozzolino01,358090,2015-11-16,D4: Dark Dreams Don’t Die -Season One-,Access Games
Scalarius,243970,2015-05-31,"Invisible, Inc.",Klei Entertainment
EastMud,394510,2015-12-09,HELLDIVERS™,Arrowhead Game Studios
Pineapplesarereallytasty,207730,2014-07-06,Arena Wars 2,Exdream Gmbh
triraquer,304350,2015-06-05,Wildlife Park 2,Balive Gmbh
elliottgame,409510,2015-11-13,Genesis Online,Shumkov Dmitriy
_Esdeath_,367120,2015-06-06,Seduce Me the Otome,Michaela Laws
76561198082706194,11590,2014-09-08,Hospital Tycoon,Deep Red Limited
VHC_Forseti,72000,2013-01-18,Closure,Eyebrow Interactive
Francyum,290340,2015-03-25,Armello,League Of Geeks
Jeeeeeeeeees,38460,2013-01-11,MDK 2,Bioware Corporation
gabflo,300300,2015-06-13,Ichi,Stolen Couch Games
76561198102093684,385710,2015-08-06,INK,Zackbellgames
shamboa-58,247140,2014-02-03,Soundodger+,Studio Bean
76561198070585472,342740,2015-02-09,Samudai,Geek Sloth Games
76561198052513392,306550,2014-09-15,Runers,Lgk Games
76561197985031488,327220,2015-07-03,Anna's Quest,Daedalic Entertainment
fernandobeltran,7840,2013-11-07,Death Track®: Resurrection,Sky Fallen
76561198038259170,239840,2014-04-15,Dead State: Reanimated,Doublebear Productions
Parappatherapperisbest,319140,2015-12-19,Xeodrifter™,Renegade Kid
herio,243950,2014-03-13,Divinity: Dragon Commander,Larian Studios
herio,339190,2015-04-15,Dead Synchronicity: Tomorrow Comes Today,Fictiorama Studios
drkrise,254200,2015-09-18,FortressCraft Evolved!,Projectorgames
longinus,214340,2014-03-29,Deponia,Daedalic Entertainment
76561198077658105,252410,2013-12-19,SteamWorld Dig,Image Amp Form
Hobgoblin101,288370,2014-08-01,Strike Suit Zero: Director's Cut,Born Ready Games
HunteR_au,328070,2015-10-31,Reflex Arena,Turbo Pixel Studios
IceBergs,317440,2015-11-04,Quantum Rush Champions,Gameart Studio Gmbh
76561198062988175,4850,2013-02-02,Cossacks: Back to War,Gsc Game World
immunity,17450,2010-12-15,Dragon Age: Origins,Bioware
76561198008825050,289690,2014-12-08,LARA CROFT AND THE TEMPLE OF OSIRIS™,Crystal Dynamics
76561198072672804,225420,2014-06-24,Cities in Motion 2,Colossal Order Ltd
something_random,11130,2014-12-16,Sherlock Holmes: The Mystery of the Mummy,Frogwares
thestreetsshallrunwhite,207430,2015-04-22,"Hack, Slash, Loot",David Williamson
76561198050861063,305380,2015-04-22,Blue Estate The Game,He Saw
76561197986552181,345440,2015-07-07,Vapour,Skobbejak Games
RuseOwl,355250,2015-05-22,STAR WARS™: TIE Fighter Special Edition,Totally Games
kodell,246940,2014-10-08,Lords of the Black Sun,Arkavi Studios
kodell,335660,2015-07-03,CAFE 0 ~The Drowned Mermaid~,Roseverte
kummaz,267940,2015-10-24,Glacier 3: The Meltdown,Team Studios
avenger_leo,313010,2015-02-05,Cities XXL,Focus Home Interactive
lexby,297210,2015-01-25,Famaze,Oryx Design Lab
lucke123,215100,2014-08-17,Ragnarok Online,Gravity Interactive
76561198026091900,415420,2015-12-31,Nyan Cat: Lost In Space,Istom Games Kft
luizmce,399430,2015-11-04,Tinboy,Razvan
lurchibald,423120,2015-12-16,Community College Hero: Trial by Fire,Hosted Games
76561198049937609,272890,2014-12-20,Vertiginous Golf,Kinelco Amp Lone Elk Creative
76561198058752236,266150,2015-09-08,Lost Saga NA,Io Entertainment
091263,262550,2014-02-23,Gunman Clive,Hrberg Productions
76561198066639517,38420,2015-07-01,Fallout Tactics: Brotherhood of Steel,East
76561198084307939,317790,2015-06-03,Rexaura,Benjamin Bryant
MeguminUce,16720,2014-06-26,Velvet Assassin,Replay Studios
GoodOlDick,323240,2014-11-18,The World II: Hunting BOSS,Good Games
notsaddam,297490,2015-07-22,Spy Chameleon - RGB Agent,Unfinished Pixel
76561198087566671,46350,2015-03-17,Real Warfare 1242,Unicorn Games Studio
Zeboz,322980,2014-10-11,Gods vs Humans,Artefacts Studio
Moomoomang,214610,2014-04-15,Cherry Tree High Comedy Club,
76561198059457068,258050,2014-08-01,Survivor Squad,Endless Loop Studios
superredranga,319570,2015-07-27,Heroes of SoulCraft - Arcade MOBA,Mobilebits
NinjaCowboy96,9070,2015-03-08,DOOM 3 Resurrection of Evil,Id Software
BLACKERISFASTER,31860,2014-12-30,Nancy Drew®: Legend of the Crystal Skull,Her Interactive
BLACKERISFASTER,31930,2014-03-12,Nancy Drew®: The White Wolf of Icicle Creek,Her Interactive
765611980830929333,41060,2013-11-30,Serious Sam Classic: The Second Encounter,Croteam
ELCHAPOELCHAPOELCHAPO,3590,2015-07-02,Plants vs. Zombies GOTY Edition,Popcap Games Inc
MexyMax,343360,2015-08-14,Particula,Microblast Games
76561198084029298,207690,2014-02-11,Botanicula,Amanita Design
76561198043798473,208750,2015-06-14,Apotheon,Alientrap
pawapi,298520,2015-06-11,Orbital Gear,Night Node
FireNoodle,261510,2015-11-26,Tesla Effect: A Tex Murphy Adventure,Big Finish Games
phlosten,3050,2014-05-02,Xpand Rally Xtreme,Techland
76561198071091263,351140,2015-07-14,Rustbucket Rumble,Reactor Zero
76561198070476536,352950,2015-07-30,Better Late Than DEAD,Odin Game Studio
PortHashbrown,267340,2015-10-28,Beware Planet Earth,Lightmare Studio
GGguy,400250,2015-12-28,Heaven Island - VR MMO,Fabio Ferraragiulia Airoldi
jamessnee1,373390,2015-08-17,Contradiction - Spot The Liar!,Baggy Cat Ltd
76561198083488994,228440,2015-08-14,Cubemen 2,Sprockets
Ranneko,15520,2011-07-04,AaAaAA!!! - A Reckless Disregard for Gravity,Dejobaan Games Llc
Ranneko,33680,2010-11-22,eversion,Zaratustra Productions
76561197999483873,381560,2015-08-10,Epic Cards Battle(TCG),Momostorm Entertainment
76561197999483873,406080,2015-10-06,Ant War: Domination,Anarchy Enterprises
76561198062650200,216890,2014-02-19,Blood Bowl: Chaos Edition,Cyanide Studios
Ryufus,94300,2015-10-23,The Dream Machine: Chapter 1 &amp; 2,Cockroach Inc
alikazamer,252250,2014-01-07,Maia,Simon Roth
pandainabag,357600,2015-06-15,Unium,Kittehface Software
Skepps1,211180,2012-08-18,Unmechanical,Talawa Games
76561198081092125,322900,2015-01-12,"War, the Game",Gabbergamescom
empiregames,285500,2015-09-13,Hard Truck Apocalypse / Ex Machina,Targem Games
seige7,207790,2015-11-26,Jane's Advanced Strike Fighters,Trickstar Games
76561197991723203,238260,2015-08-14,Pinball Arcade,Farsight Studios
76561197964402427,255300,2014-12-16,Journey of a Roach,Koboldgamesdaedalic Entertainment
skaarh,313020,2015-06-11,Soul Gambler,Tln Studios
SkumbagSpokes,104200,2015-09-30,BEEP,Big Fat Alien
SuperSkybolt,327090,2015-11-01,Out of Reach,Space Boat Studios
76561198037541199,200150,2014-03-24,Battle Chess: Game of Kings™,Olde Sklsculptured Software
76561198084741314,9500,2013-09-30,Gish,Cryptic Sea
76561198071755562,397680,2015-11-21,FIREFIGHT RELOADED,Bitlcobalt
76561197966590415,331190,2015-12-27,Master Spy,Turbogun
mashedspudtatoes,26900,2011-12-27,Crayon Physics Deluxe,Kloonigames
cakeflurry,347830,2015-08-06,Fairy Fencer F,Idea Factorycompile Heart
SuperScore,283430,2015-03-10,Litil Divil,Gremlin Interactive
76561198001160024,268970,2015-06-07,You Are Not The Hero,Tomorning Productions
76561198038741062,355950,2015-11-05,Age of Empires II HD: The African Kingdoms,Skybox Labsforgotten Empires
theokman,12480,2014-08-30,9th Company: Roots Of Terror,Noviy Disklesta Studios Inc
76561198093711678,356310,2015-05-08,METAL SLUG DEFENSE,Snk Corporation
theanyelpes,378850,2015-11-18,Galagan's Island: Reprymian Rising,Skinny Jean Death Studios
Treecko56,265120,2014-12-27,Meridian: New World,Elder Games
76561198062177156,390520,2015-12-10,PewDiePie: Legend of the Brofist,Outerminds Inc
76561198029069901,63940,2011-09-09,Men of War: Vietnam,C Company
76561198061971210,296240,2014-10-28,The Promised Land,Boolat Gamesalawar Entertainment
76561198044458526,336670,2015-02-18,HIT,Shifty Chair Games
worstcardinthegame,246110,2015-11-27,MASSIVE CHALICE,Double Fine Productions
thabogg,349720,2015-07-04,Audition Online,T Entertainment
76561198050358552,242130,2015-01-15,Vector Thrust,Timesymmetry
GenSeed,91200,2011-08-02,Anomaly: Warzone Earth,Bit Studios
76561197969434273,233550,2014-01-01,Another World – 20th Anniversary Edition,Eric Chahidotemu
icantwait,207400,2013-08-03,eXceed 3rd - Jade Penetrate Black Package,Tennensozai
burningfeetman,48950,2011-12-24,Greed Corp,Vanguard Games
ambosse,237760,2015-04-27,Intake,Cipher Prime Studios
Gcthemonkey,321610,2014-11-27,Demonlisher,Brain Bombers
76561198001898634,383580,2015-07-12,Flesh Eaters,Sc Bit Nights Srl
alienc,352700,2015-07-03,Subspace Continuum,Virgin Interactive Entertainmentpriitk
mconceptions,340580,2015-11-03,Armed with Wings: Rearmed,Sunstudios
BoomerBacon,2590,2014-11-21,Alpha Prime,Black Element
BoomerBacon,33950,2014-11-22,Fish Fillets 2,Altar Games
komarexpl,78000,2014-07-05,Bejeweled® 3,Popcap Games Inc
redpillgaming,328830,2014-12-08,Rugby Union Team Manager 2015,Alternative Software Ltd
Dragim,296970,2015-12-20,Renowned Explorers: International Society,Abbey Games
76561198023374983,266390,2014-07-03,Farm for your Life,Hammer Labs
Ovakil,240620,2015-08-10,Wanderlust Adventures,Yeti Trunk
meglonoth,216910,2013-08-15,Of Orcs And Men,Cyanide Studio Spiders Studios
meglonoth,275510,2015-08-17,Z Steel Soldiers,Ticktock Games
meglonoth,275530,2014-10-05,Z,Ticktock Games
76561198029064257,16600,2012-10-22,Trials 2: Second Edition,Redlynx
76561198029064257,205060,2013-05-19,BIT.TRIP CORE,Gaijin Games
drclockface,290890,2015-06-29,You Must Build A Boat,Eightyeightgames
andrew2010,263340,2014-04-07,Continue?9876543210,Jason Oda
76561198041127602,358250,2015-10-19,Cosmo's Cosmic Adventure,D Realms Apogee Software
PlayDusty,327520,2015-07-28,Traverser,Gatling Goat Studios
PlayDusty,343710,2015-07-28,Kholat,Imgnpro
reywqrrtty,63700,2013-12-10,BIT.TRIP BEAT,Gaijin Games
bymyselfformyself,245150,2014-12-18,The Novelist,Orthogonal Games
Airtay,293320,2014-09-26,Coma: Mortuary,Nova Dimensionnaga Entertainment
justin1011,210870,2014-07-26,Cloudberry Kingdom™,Pwnee Studios
seiuchi,277520,2015-09-28,Albedo: Eyes from Outer Space,Zg And Ivan Venturi Productions
MATTBOT12,296910,2015-09-22,8BitBoy™,Awesomeblade
76561198052998873,8000,2015-12-11,Tomb Raider: Anniversary,Crystal Dynamicsferal Interactive Mac
BecHyIIIka,269330,2015-03-09,Chronology,Bedtime Digital Games
76561198055968875,327950,2014-10-19,Sword of the Samurai,Microprose Software Inc
mercoledi,362410,2015-11-04,Adam's Venture Chronicles,Vertigo Games
lachlantatton,258760,2014-09-13,Scania Truck Driving Simulator,Scs Software
76561198058675994,376210,2015-12-08,The Isle,Afterthought Llc
justclose,6850,2014-03-03,Hitman 2: Silent Assassin,Iointeractive As
xiege3,345350,2015-12-11,LIGHTNING RETURNS™: FINAL FANTASY® XIII,Square Enix
ninjamagics,229870,2015-07-03,ShootMania Storm,Nadeo
76561198063817275,313590,2014-09-04,Boo Bunny Plague,On The Level Game Studios
SladeWillsonDeathstroke,7000,2012-11-07,Tomb Raider: Legend,Crystal Dynamics
76561198064710794,289600,2014-10-11,Marauder,Apeiron
sunnydazeex,241240,2015-05-12,Contraption Maker,Game Dev Castle
daflyinskwirel,220740,2014-07-04,Chaos on Deponia,Daedalic Entertainment
76561198068325461,288040,2014-10-08,Actual Sunlight,Wzogi
Katzieon,324680,2015-11-28,Impossible Creatures Steam Edition,Relic Entertainmentthq Nordic
76561198070022613,299780,2014-07-19,Noir Syndrome,Glass Knuckle Games
supersayianswagger,23310,2013-07-15,The Last Remnant™,Square Enix
WANKING_PEACH,314520,2015-11-14,Euro Fishing,Dovetail Games
76561198070997482,324570,2015-04-24,Halo: Spartan Strike,Industriesvanguard Games
jokasavage,296770,2015-04-29,Real Boxing™,Vivid Games Sa
76561198072199166,411560,2015-12-07,Reveal The Deep,Lazy Monday Games
Hotbiscuits,46440,2014-07-22,Future Wars,Headup Games Radon Labs
sanuk_games,354160,2015-10-16,WRC 5 FIA World Rally Championship,Kylotonn Racing Games
sanuk_games,409450,2015-11-07,The Fall of the Dungeon Guardians - Enhanced Edition,Mana Games
BigAndySon,96200,2014-04-25,Steel Storm: Burning Retribution,Kot In Action Creative Artel
rainbowbaloney,243280,2014-06-14,Poöf,Arkedo
76561198081155725,319450,2014-12-27,Chariot,Frima Studio
76561198081155725,285820,2015-08-01,Action Henk,Ragesquid
76561198087837304,384980,2015-08-28,Battle for Blood - Epic battles within 30 seconds!,Yfc Games
danielito38,286360,2015-01-30,Shadows on the Vatican Act I: Greed,Th Art Studioadventure Productions
76561198089588759,411570,2015-10-27,Zombie Exodus,Hosted Games
ZennyAckbar,6980,2014-03-24,Thief: Deadly Shadows,Ion Storm
NotForPikachu,262960,2015-06-28,Castle In The Darkness,Matt Kapnicalis Inc
themajesticlemon,205080,2013-12-31,BIT.TRIP FATE,Gaijin Games
76561198094471302,227560,2014-05-04,Scourge: Outbreak,Tragnarion Studios
McCatson,400240,2015-12-04,The Deer,Fabio Ferraragiulia Airoldi
MsVen,374090,2015-09-11,Winter Sports Trilogy Super Pack,Games
vitusdias,383230,2015-07-11,Dungeon Souls,Lamina Studiosmike Studios
76561198109102495,61730,2014-06-25,Critter Crunch,Capybara Games
76561198114558878,349100,2015-12-19,Notrium,Instant Kingdom
inven,259410,2015-10-29,Sneaky Sneaky,Naiad Entertainment Llc
76561198122431305,349740,2015-03-23,Shelter 2 Soundtrack,Might And Delight
Fr0sticlesOfficial,274350,2015-09-17,Dropsy,Tendershoota Jolly Corpse
SamuelTepes,358290,2015-06-13,Hocus Pocus,Moonlite Software
SamuelTepes,358340,2015-06-13,Word Rescue,Redwood Games
blackdmulisha,352400,2015-10-19,LEGO® Jurassic World,Tt Games Ltdferal Interactive Mac
K1NGCJS,294230,2015-07-22,Millie,Forever Entertainment S A
laislabonita75,305920,2015-06-13,Another Perspective,Shaunjs
laislabonita75,367780,2015-06-11,Aero's Quest,Soloweb Studiosravens Eye Studio
llDracuwulf,307130,2015-10-29,Asteria,Legend Studio
