User_Id,Item_Id,features
js41637,239030,"Papers, Please, 2013-11-29, "
evcentric,263360,"3089 -- Futuristic Action RPG, 2014-10-15, Phrts Software"
doctr,250320,"The Wolf Among Us, 2013-10-14, Telltale Games"
maplemage,204300,"Awesomenauts - the 2D moba, 2013-07-11, Ronimo Games"
76561198077246154,304930,"Unturned, 2014-08-25, Smartly Dressed Games"
tru_mu_,287980,"Mini Metro, 2015-12-15, Dinosaur Polo Club"
VVillis,213670,"South Park™: The Stick of Truth™, 2015-01-06, Obsidian Entertainment"
76561198070194565,248570,"Toribash, 2015-11-09, Nabi Studios"
UTNerd24,376920,"Tiki Man, 2015-06-06, Anarchy Enterprises"
Life-Of-Blu,377160,"Fallout 4, 2015-11-13, Bethesda Game Studios"
CaptianAutismo,252490,"Rust, 2015-12-17, Facepunch Studios"
kube134,251990,"Long Live The Queen, 2014-06-28, Hanako Games"
iamthekingofbrowntown,252950,"Rocket League®, 2015-09-13, Psyonix Inc"
Posiblydead,277430,"Halo: Spartan Assault, 2014-04-11, Vanguard Games Industries"
76561198102421718,274940,"Depth, 2015-08-03, Digital Confectioners"
76561198030567998,32430,"STAR WARS™ - The Force Unleashed™ Ultimate Sith Edition, 2014-02-23, Lucasartsaspyr Studios"
76561198030567998,332800,"Five Nights at Freddy's 2, 2014-11-11, Scott Cawthon"
76561198060447950,200510,"XCOM: Enemy Unknown, 2015-09-26, Firaxis Gamesferal Interactive Macferal Interactive Linux"
Nozomikat,264200,"One Finger Death Punch, 2014-08-01, Silver Dollar Games"
ii_voltage_ii,253710,"theHunter Classic, 2014-06-29, Expansive Worldsavalanche Studios"
Xx-Woods,295550,"Royal Quest, 2014-08-17, Katauri"
kevinator23,8850,"BioShock® 2, 2015-09-06, K Marink Chinadigital Extremesk Australiaferal Interactive Mac"
kevinator23,220240,"Far Cry 3, 2014-05-24, Ubisoft Montreal Massive Entertainment And Ubisoft Shanghai"
kevinator23,320760,"Tokyo School Life, 2015-07-06, M Coltd"
de_Butl3r,209870,"Blacklight: Retribution, 2014-10-13, Hardsuit Labs"
Bluezap1,362890,"Black Mesa, 2015-12-27, Crowbar Collective"
Lord_Exploit,311560,"Assassin’s Creed® Rogue, 2015-03-13, Ubisoft Sofiaubisoft Kiev"
AVATAR715,266430,"Anarchy Arcade, 2015-02-25, Elijah Newmangomez"
Magjiikal,370480,"Pixel Galaxy, 2015-10-05, Serenity Forge"
2768820078,221380,"Age of Empires II HD, 2015-08-08, Skybox Labshidden Path Entertainmentensemble Studios"
2768820078,287700,"METAL GEAR SOLID V: THE PHANTOM PAIN, 2015-09-01, Konami Digital Entertainment"
EizanAratoFujimaki,70,"Half-Life, 2015-10-28, Valve"
Pyromanic,240,"Counter-Strike: Source, 2013-02-15, Valve"
WitchHunter4542,237310,"Elsword, 2015-01-13, Kog"
76561198043458582,107410,"Arma 3, 2015-11-22, Bohemia Interactive"
1337lolroflmao,7940,"Call of Duty® 4: Modern Warfare®, 2013-12-28, Infinity Wardaspyr Mac"
1337lolroflmao,10180,"Call of Duty®: Modern Warfare® 2, 2013-12-28, Infinity Wardaspyr Mac"
76561198065593074,304050,"Trove, 2015-09-23, Trion Worlds"
66666669999999,302830,"BLOCKADE 3D, 2015-01-05, Shumkov Dmitriy"
ReMiXOfficalSteam,352460,"Dead Realm, 2015-10-12, Section Studios"
redsncrimson,274920,"FaceRig, 2014-12-23, Holotech Studios"
76561198071214618,268750,"Magicite, 2015-05-11, Smashgames"
Michaelele,6060,"Star Wars: Battlefront 2 (Classic, 2005), 2014-08-07, Pandemic Studios"
76561198079990063,231040,"Beatbuddy: Tale of the Guardians, 2014-03-14, Threaks"
76561198084542731,47790,"Medal of Honor™, 2014-02-16, Electronic Arts"
GamerFag,380,"Half-Life 2: Episode One, 2011-01-27, Valve"
GamerFag,420,"Half-Life 2: Episode Two, 2011-01-27, Valve"
ulramite,290020,"LogicBots, 2014-10-27, Incandescent Games"
SALTTHEW0UND,248820,"Risk of Rain, 2015-06-12, Hopoo Games Llc"
TomoeMamiewe,10150,"Prototype™, 2014-02-16, Radical Entertainment"
76561198057086148,214950,"Total War™: ROME II - Emperor Edition, 2015-01-17, Creative Assembly"
76561198167207237,265930,"Goat Simulator, 2015-11-29, Coffee Stain Studios"
advenger95,307690,"Sleeping Dogs: Definitive Edition, 2015-09-02, United Front Gamesferal Interactive Mac"
Agronoth,9450,"Warhammer® 40,000: Dawn of War® - Soulstorm, 2015-07-15, Relic Entertainment"
76561198068565589,286570,"F1 2015, 2015-07-18, Codemastersferal Interactive Linux"
NaruseAiria,108600,"Project Zomboid, 2014-10-15, The Indie Stone"
76561198067713802,239660,"Soldier Front 2, 2015-09-27, Dragonfly"
Albolah,283920,"Putt-Putt® Joins the Parade, 2015-12-29, Humongous Entertainment"
Albolah,294650,"Putt-Putt® Goes to the Moon, 2015-12-30, Humongous Entertainment"
maxpaynepillkiller,12120,"Grand Theft Auto: San Andreas, 2015-12-30, Rockstar Games"
76561198075935236,250900,"The Binding of Isaac: Rebirth, 2015-08-27, Nicalis Inc"
AMV72,206440,"To the Moon, 2013-01-21, Freebird Games"
Andraison,22230,"Rock of Ages, 2015-07-31, Ace Team"
76561198099625419,200260,"Batman: Arkham City - Game of the Year Edition, 2014-05-08, Rocksteady Studiosferal Interactive Mac"
76561198099625419,241540,"State of Decay, 2013-12-20, Undead Labs"
76561198037888300,344770,"fault - milestone two side:above, 2015-09-12, Alice In Dissonance"
76561198084123358,9900,"Star Trek Online, 2015-02-07, Cryptic Studios"
76561198039441595,20,"Team Fortress Classic, 2014-06-20, Valve"
76561198039441595,269250,"WORLD END ECONOMiCA episode.01, 2015-05-06, Spicy Tails"
AppoGetsSuperAdmin,212500,"The Lord of the Rings Online™, 2015-06-26, Standing Stone Games Llc"
76561198012909706,218130,"Dungeonland, 2013-12-07, Critical Studio"
76561197974500703,57300,"Amnesia: The Dark Descent, 2010-12-28, Frictional Games"
76561197974500703,18700,"And Yet It Moves, 2011-12-27, Broken Rules"
76561198047185525,226620,"Desktop Dungeons, 2013-12-16, Qcf Design"
deployablearchnagel,265630,"Fistful of Frags, 2014-05-30, Fistful Of Frags Team"
Array71,8500,"EVE Online, 2014-09-27, Ccp"
Mackus1011,380600,"Fishing Planet, 2015-08-31, Fishing Planet Llc"
darkmassieh,230190,"War for the Overworld, 2015-04-21, Brightrock Games"
asianturtlefrenzy,246420,"Kingdom Rush, 2015-12-27, Ironhide Game Studio"
asianturtlefrenzy,418340,"RWBY: Grimm Eclipse, 2015-12-26, Rooster Teeth Games"
LaLocaDeLosDulces,80,"Counter-Strike: Condition Zero, 2015-06-27, Valve"
Astrelt,212200,"Mabinogi, 2014-12-13, Nexon Korea Corp"
Astrelt,387860,"the static speaks my name, 2015-12-05, The Whale Husband"
Swish0009,203160,"Tomb Raider, 2014-06-22, Crystal Dynamicsferal Interactive Macferal Interactive Linux"
Aurora99,8400,"Geometry Wars: Retro Evolved, 2014-05-02, Bizarre Creations"
Aurora99,282440,"Quake Live™, 2015-02-15, Id Software"
Aurora99,369580,"NotGTAV, 2015-07-22, Notgames"
76561198083375450,113420,"Fallen Earth Free2Play, 2014-02-10, Reloaded Productions"
76561198083375450,224600,"Defiance, 2014-03-23, Trion Worlds Inc"
auzmoz,320,"Half-Life 2: Deathmatch, 2013-01-18, Valve"
fatrangacuntnolifevirgin,202970,"Call of Duty®: Black Ops II, 2014-07-29, Treyarch"
de_triggered,224540,"Ace of Spades: Battle Builder, 2015-07-06, Jagex Limited"
de_triggered,233450,"Prison Architect, 2015-07-06, Introversion Software"
BAW_Killer,359550,"Tom Clancy's Rainbow Six® Siege, 2015-12-13, Ubisoft Montreal"
76561198018560501,10500,"Empire: Total War™, 2013-11-27, The Creative Assemblyferal Interactive Macferal Interactive Linux"
Infixation,328220,"Wild Season, 2015-05-06, Quickfire Games"
76561198047304525,239070,"Hammerwatch, 2014-08-12, Crackshell"
Bennysaputra,10,"Counter-Strike, 2015-08-01, Valve"
76561198030636321,255710,"Cities: Skylines, 2015-04-02, Colossal Order Ltd"
CHAAANG,238320,"Outlast, 2015-09-23, Red Barrels"
bitmat,201420,"Toki Tori 2+, 2013-07-11, Two Tribes"
76561198030735076,339610,"Freestyle 2: Street Basketball, 2015-04-09, Joycity"
Bluegills,39150,"FINAL FANTASY VIII, 2013-12-22, Square Enix"
Bluegills,293780,"Crawl, 2014-08-07, Powerhoof"
rrbr,270370,"Lambda Wars Beta, 2015-01-21, Vortal Storm"
rrbr,244050,"Rise of Flight United, 2015-10-01, Studios"
bobseagull,242720,"GunZ 2: The Second Duel, 2014-05-02, Masangsoft Inc"
bobseagull,251630,"The Impossible Game, 2014-05-23, Grip Games"
76561198007539695,45730,"Dark Void™ Zero, 2014-10-28, Other Ocean Interactive"
76561198007539695,99400,"Garshasp: The Monster Slayer, 2014-03-29, Dead Mage"
saint556,233190,"Final Exam, 2014-01-05, Mighty Rocket Studio"
brettebear,220780,"Thomas Was Alone, 2014-06-20, Bithell Games"
76561198046094676,4560,"Company of Heroes - Legacy Edition, 2013-09-23, Relic Entertainment"
76561198046094676,25890,"Hearts of Iron III, 2013-03-25, Paradox Development Studio"
76561198059167106,41300,"Altitude, 2014-12-12, Nimbly Games"
Trutle,224760,"FEZ, 2014-06-21, Polytron Corporation"
BugsyBro,291480,"Warface, 2014-07-03, Crytek"
BugsyBro,322910,"Warhammer 40,000: Regicide, 2015-05-05, Hammerfall Publishing"
76561198094074209,393420,"Hurtworld, 2015-12-18, Bankroll Studios"
busternut,237870,"Planet Explorers, 2015-12-27, Pathea Games"
76561198044402508,302590,"Of Guards And Thieves, 2015-01-17, Subvert Games"
camduman,109600,"Neverwinter, 2014-07-24, Cryptic Studios"
aquelecaraqfazaquilo,19000,"Silent Hill Homecoming, 2015-01-21, Double Helix Games"
aquelecaraqfazaquilo,330840,"Game of Thrones - A Telltale Games Series, 2015-06-19, Telltale Games"
76561197992910116,259720,"Fading Hearts, 2014-02-06, Sakura River Interactive"
76561197992910116,293920,"Spirited Heart Deluxe, 2014-06-09, Winter Wolves"
76561198070072786,400,"Portal, 2014-02-22, Valve"
76561198007988939,305620,"The Long Dark, 2015-11-02, Hinterland Studio Inc"
Lord_Casso,323370,"TERA, 2015-07-11, Bluehole Inc"
fsfs546hd,70000,"Dino D-Day, 2013-11-14, North And Digital Ranch"
76561198045283919,244410,"Supreme Ruler 1936, 2015-03-07, Battlegoat Studios"
ElementalGodChaos,263500,"Dragons and Titans, 2014-04-25, Wyrmbyte"
chicken_tonight,206190,"Gunpoint, 2015-09-03, Suspicious Developments"
chicken_tonight,268650,"From the Depths, 2015-08-15, Brilliant Skies Ltd"
chicken_tonight,285900,"Gang Beasts, 2015-11-18, Boneloaf"
OfficialSenix,273110,"Counter-Strike Nexon: Zombies, 2015-10-19, Nexon"
OfficialSenix,312280,"Simply Chess, 2015-11-18, Blueline Games"
76561198071207551,354140,"Five Nights at Freddy's 3, 2015-05-28, Scott Cawthon"
76561198078246064,233270,"Far Cry 3 - Blood Dragon, 2015-04-18, Ubisoft Montreal"
SirParadiseLost,41700,"S.T.A.L.K.E.R.: Call of Pripyat, 2015-06-07, Gsc Game World"
76561198061456632,301640,"Zombie Army Trilogy, 2015-12-13, Rebellion"
76561198071955492,214490,"Alien: Isolation, 2014-10-25, Creative Assemblyferal Interactive Macferal Interactive Linux"
bruhbruhxd,311210,"Call of Duty®: Black Ops III, 2015-11-20, Treyarch"
76561198045148546,306130,"The Elder Scrolls® Online: Tamriel Unlimited™, 2015-07-11, Zenimax Online Studios"
76561198067214601,67370,"The Darkness II, 2014-03-08, Digital Extremes"
76561198067214601,205100,"Dishonored, 2013-09-12, Arkane Studios"
76561198107811819,346120,"Boring Man - Online Tactical Stickman Combat, 2015-02-27, Spasman Games"
aweoplopo,42700,"Call of Duty®: Black Ops, 2014-09-11, Treyarch"
THE_ART_OF_FEEDING,209730,"R.A.W. Realms of Ancient War, 2013-12-29, Wizarbox"
76561198074763789,57690,"Tropico 4, 2015-04-06, Haemimont Games"
blackcheeze,216150,"MapleStory, 2014-06-30, Nexon"
76561198078913614,312990,"The Expendabros, 2014-08-09, Free Lives"
BOBROSSJPEGEXE,287450,"Rise of Nations: Extended Edition, 2015-12-06, Skybox Labsbig Huge Games"
76561198008827809,234330,"Marvel Puzzle Quest, 2014-05-07, Demiurge Studios"
DerpyAura,235460,"METAL GEAR RISING: REVENGEANCE, 2015-03-28, Platinumgames"
beepbeepimasheep,327890,"I am Bread, 2014-12-06, Bossa Studios"
digfernandes,214250,"I Am Alive, 2014-08-21, Ubisoft Shangha"
digfernandes,38410,"Fallout 2: A Post Nuclear Role Playing Game, 2014-10-28, Black Isle Studios"
dijakeplays,321360,"Primal Carnage: Extinction, 2014-12-04, Circle Five Studiospub Games"
NathanielPeace,239800,"Bleed, 2014-06-09, Ian Campbell"
76561198023903233,409160,"Dr. Langeskov, The Tiger, and The Terribly Cursed Emerald: A Whirlwind Heist, 2015-12-28, Crows Crows Crows"
regentorange,208580,"STAR WARS™ Knights of the Old Republic™ II - The Sith Lords™, 2013-12-21, Obsidian Entertainmentaspyr Mac Linux Amp Windows Update"
duzim,335330,"Brick-Force, 2015-05-11, Exe Games Inc"
76561197995098683,40100,"Supreme Commander 2, 2010-11-23, Gas Powered Games"
swscorpian,25010,"Lugaru HD, 2015-12-05, Wolfire Games"
swscorpian,357330,"Space Beast Terror Fright, 2015-11-06, Nornware Ab"
Cab117,102500,"Kingdoms of Amalur: Reckoning™, 2015-01-14, Big Huge Games Studios"
Cab117,34870,"Sniper: Ghost Warrior 2, 2013-12-29, City Interactive"
thedragon347,35720,"Trine 2: Complete Story, 2013-12-29, Frozenbyte"
JamesDurham23JubileeRd,367240,"Avenging Angel, 2015-08-14, Dark Amber Softworks"
Efreak,313340,"Mountain, 2014-08-18, David Oreilly"
hoot_toot,1900,"Earth 2160, 2014-07-08, Reality Pump Studios"
76561198032373589,235360,"Prime World: Defenders, 2013-12-09, Nival"
76561198061285334,33230,"Assassin's Creed 2 Deluxe Edition, 2014-10-09, Ubisoft Montreal"
76561198162487321,418070,"Turbo Pug, 2015-12-10, Space Cat Studiossnowflameback To Basics Gaming"
76561198019669521,8970,"Axel &amp; Pixel, 2015-08-10, Silver Wish Games"
maketeanotwar,233290,"Murdered: Soul Suspect, 2014-12-01, Airtight Games"
76561198048230501,70300,"VVVVVV, 2015-06-15, Terry Cavanagh"
76561197996156672,273350,"Evolve Stage 2, 2015-12-02, Turtle Rock Studios"
sphix,305260,"Battle Islands, 2014-11-26, Dr Studios"
halofreak61,130,"Half-Life: Blue Shift, 2015-01-07, Gearbox Software"
76561198123074348,293540,"Guns and Robots, 2014-12-13, Masthead Studios Ltd"
76561198123074348,332070,"School of Dragons, 2014-12-13, Jumpstart Games Inc"
76561198065934504,24960,"Battlefield: Bad Company™ 2, 2015-04-13, Dice"
76561198065934504,215670,"Home, 2013-01-11, Benjamin Rivers Inc"
Bhulb,222980,"Dead Pixels, 2014-03-28, Csrstudios"
macey_moo,24010,"Train Simulator, 2015-10-15, Dovetail Games"
Infinitespeed,279720,"The I of the Dragon, 2015-05-22, Primal"
iSkulz,113400,"APB Reloaded, 2015-12-19, Reloaded Productions"
ysarge,2500,"Shadowgrounds, 2014-03-24, Frozenbyte"
ysarge,281370,"Real Horror Stories Ultimate Edition, 2014-08-22, Gameore"
76561198041845214,7520,"Two Worlds II HD, 2014-10-29, Reality Pump Studios"
Jonaleko,303390,"Dead Bits, 2015-11-11, Microblast Games"
jubjub727,332310,"LEGO® Worlds, 2015-06-02, Tt Gamestravellers Tales"
jukianinja,48720,"Mount &amp; Blade: With Fire &amp; Sword, 2014-06-27, Taleworlds Entertainment"
JunG00berfuckingsucks,9050,"DOOM 3, 2015-07-25, Id Software"
76561198036171355,236370,"Interstellar Marines, 2013-11-29, Zero Point Software"
usaidwotnow,22350,"BRINK, 2014-12-17, Splash Damage"
usaidwotnow,98400,"Hard Reset Extended Edition, 2013-01-04, Flying Wild Hog"
TheKiwiMantis,263280,"SPINTIRES™, 2014-11-27, Oovee Game Studios"
knitro,24740,"Burnout Paradise: The Ultimate Box, 2013-07-16, Criterion Games"
kuroTENSHI_bread,35480,"Dwarfs!?, 2013-12-17, Power Of"
LaughingRobot,219830,"King Arthur's Gold, 2013-11-11, Transhuman Design"
NUZXD,25830,"Knights of Honor, 2014-11-28, Black Sea Studios Ltd"
558092,250260,"Jazzpunk: Director's Cut, 2014-02-12, Necrophone Games"
76561198056549802,8170,"Battlestations Pacific, 2015-02-23, Eidos Studio Hungary"
76561198071599137,225600,"Blade Symphony, 2014-05-28, Puny Human"
Lickidactyl,71340,"Sonic Generations Collection, 2015-02-13, Devils Details"
linksupersayan,329440,"Sonic Lost World, 2015-11-03, Sonic Team"
76561198046807777,304410,"Hexcells Infinite, 2014-12-24, Matthew Brown"
companothemuslim,57740,"Jagged Alliance - Back in Action, 2013-03-28, Coreplay Gmbhbigmoon Studios"
lewisbigd,274170,"Hotline Miami 2: Wrong Number, 2015-03-20, Dennaton Games"
lewisbigd,313080,"The Masterplan, 2015-06-06, Shark Punch"
lordoftheguppies,324260,"VoidExpanse, 2015-05-24, Atomictorch Studio"
76561198051157544,282800,"100% Orange Juice, 2015-01-26, Orangejuice"
milez1987,99700,"NightSky, 2011-12-13, Nicalis Inc"
TacticalCrayon,16450,"F.E.A.R. 2: Project Origin, 2012-03-23, Monolith"
76561198063274178,375600,"Air Brawl, 2015-09-14, Landfall"
maaatzbr,209650,"Call of Duty®: Advanced Warfare - Gold Edition, 2015-03-14, Sledgehammer Gamesraven Software"
mavoks,211500,"RaceRoom Racing Experience, 2014-07-14, Sector Studios"
76561198066312344,244930,"SNOW, 2015-03-20, Poppermost Productions"
meltingman234,286100,"You Have to Win the Game, 2014-12-17, Minor Key Games"
meltingman234,227600,"Castle of Illusion, 2014-03-29, Sega Studios Australiaferal Interactive Mac"
meltingman234,252150,"Grimm, 2014-02-21, Spicyhorse Games"
76561198058988942,298160,"Eldevin, 2014-11-21, Hunted Cow Studios"
135781,289650,"Assassin's Creed® Unity, 2014-11-15, Ubisoft"
76561198038398765,227220,"Sang-Froid - Tales of Werewolves, 2014-04-02, Artifice Studio"
vaughan,300380,"Road Redemption, 2015-07-10, Pixel Dash Studios Eqgames"
54678907652,253250,"Stonehearth, 2015-10-04, Radiant Entertainment"
76561198068239282,265550,"Dead Rising 3 Apocalypse Edition, 2014-10-06, Capcom Game Studio Vancouver"
76561198001688490,12220,"Grand Theft Auto: Episodes from Liberty City, 2014-11-28, Rockstar North Toronto"
76561197986529825,268400,"Panzer Corps, 2015-03-12, Flashback Gamesthe Lordz Games Studio"
76561198087039124,45100,"Secret of the Magic Crystals, 2014-01-13, Artery Games"
GuiCreed368,241560,"The Crew™, 2014-12-21, Ivory Tower In Collaboration With Ubisoft Reflections"
76561197970724420,35700,"Trine Enchanted Edition, 2011-10-31, Frozenbyte"
Greendove,247020,"Cook, Serve, Delicious!, 2014-01-02, Vertigo Gaming Inc"
Mediev,271860,"Super Killer Hornet: Resurrection, 2015-01-10, Flump Studios"
Pedacker,253690,"Tiny Brains, 2014-04-05, Spearhead Games"
76561198075913639,220260,"Farming Simulator 2013 Titanium Edition, 2013-01-04, Giants Software"
phrostb,45760,"Ultra Street Fighter® IV, 2013-11-01, Capcom"
phrostb,238210,"System Shock 2, 2014-03-23, Irrational Gameslooking Glass Studios"
phrostb,207750,"Symphony, 2014-03-30, Empty Clip Studios"
phrostb,387240,"Steel Rain, 2015-12-23, Polarityflowadrian Zingg"
76561197979086508,256190,"Enemy Front, 2014-08-01, Ci Games"
Ppkdoevil,315430,"Polarity, 2015-07-10, Bluebutton Games"
UZS,342970,"Pixel Survivors, 2015-05-20, Sachonskirenamilanesisith"
minecraftdude1111,71250,"Sonic Adventure DX, 2014-12-03, Sega"
Podzoz,300,"Day of Defeat: Source, 2013-12-19, Valve"
notthesemuffins,304650,"SUNLESS SEA, 2014-09-07, Failbetter Games"
76561198063159016,275100,"Shelter 2, 2015-03-10, Might And Delight"
dizioboy,351790,"Invisible Apartment, 2015-03-06, Milan Kazarkajeroen Van Oosten"
76561198024531364,260430,"The Four Kings Casino and Slots, 2015-07-02, Digital Leisure Inc"
76561197981203305,33980,"Pound of Ground, 2013-12-25, Centauri Production"
76561198094936736,239200,"Amnesia: A Machine for Pigs, 2014-06-27, The Chinese Room"
revolverace,15700,"Oddworld: Abe's Oddysee®, 2011-12-28, Oddworld Inhabitants"
76561198060295827,390670,"Steel Ocean, 2015-11-16, Ice Entertainment"
76561198072526121,22330,"The Elder Scrolls IV: Oblivion® Game of the Year Edition, 2014-05-16, Bethesda Game Studios"
76561198092310770,399790,"Destiny Warriors RPG, 2015-12-10, Ninjalex"
SakifX9,92800,"SpaceChem, 2014-06-26, Zachtronics"
SakifX9,307070,"Memories of a Vagabond, 2014-12-31, Darkelite"
LunkTehHero,386360,"SMITE®, 2015-09-08, Hirez Studios"
76561198058760041,353560,"Plug &amp; Play, 2015-10-24, Mario Von Rickenbachmichael Frei"
MegaMario48,293500,"Amazing World™, 2015-09-19, Ganz"
lilwoynintehhizzle,55150,"Warhammer 40,000: Space Marine, 2012-09-20, Relic"
senpai_the_slutty,204630,"Retro City Rampage™ DX, 2015-03-13, Vblank Entertainment Inc"
76561198043587948,45770,"Dead Rising 2: Off the Record, 2015-02-17, Capcom Vancouver"
Shredderman962,263960,"Wyv and Keep: The Temple of the Lost Idol, 2014-09-07, A Jolly Corpse"
SpiritOfDeath2,303210,"The Beginner's Guide, 2015-12-27, Everything Unlimited Ltd"
76561198059366714,368990,"Despair, 2015-07-30, Agc"
76561198085601351,206500,"AirMech Strike, 2014-11-06, Carbon Games"
ethanabey,247730,"Nether: Resurrected, 2014-07-02, Phosphor Games Studio"
_SNS_,204880,"Sins of a Solar Empire®: Rebellion, 2013-07-18, Ironclad Gamesstardock Entertainment"
76561198055096033,227180,"Kingdom Wars, 2015-01-23, Reverie World Studios"
NotStomm,38720,"RUSH, 2015-03-10, Two Tribes"
stormshado,228300,"Remember Me, 2015-09-06, Dontnod Entertainment"
frost27820,237110,"Mortal Kombat Komplete Edition, 2015-04-07, Netherrealm Studioshigh Voltage Software"
76561198103243648,270150,"RUNNING WITH RIFLES, 2015-04-06, Osumia Games"
GameTaj,375510,"New kind of adventure, 2015-08-11, Mint Age Studios"
OFFICIALDRTECHNO,250380,"Knock-knock, 2013-11-23, Icepick Lodge"
thediamond96,235250,"Super Sanctum TD, 2015-02-05, Coffee Stain Studios"
76561198054416836,277460,"Praetorians, 2014-12-15, Pyro Studios"
76561198077337646,2400,"The Ship: Murder Party, 2015-01-20, Outerlight Ltd"
76561198082520598,285920,"TerraTech, 2015-04-02, Payload Studios"
76561198082520598,345580,"Universal Combat CE, 2015-03-19, Ad"
babpls,294160,"Galcon 2: Galactic Conquest, 2015-01-12, Hassey Enterprises Inc"
babpls,301460,"Electronic Super Joy: Groove City, 2015-01-12, Michael Todd Gamesyazar Media Group Llc"
76561197999426881,273770,"Game Tycoon 1.5, 2014-04-24, Sunlight Games"
swagdog69,292140,"FINAL FANTASY® XIII-2, 2015-06-24, Square Enix"
URHNDEH____DERGE,412400,"GASP, 2015-11-18, Dark Day Interactive"
tinfoilcat,242680,"Nuclear Throne, 2015-12-25, Vlambeer"
VoxMaro,231310,"MirrorMoon EP, 2014-06-21, Santa Ragione"
jwatt1991,207080,"Indie Game: The Movie, 2013-12-01, Blinkworks Media"
wjmj,355840,"Survarium, 2015-04-04, Vostok Games"
mrfefe,48000,"LIMBO, 2013-11-29, Playdead"
Harrasian,3920,"Sid Meier's Pirates!, 2015-04-15, Firaxis Games"
76561198032873398,57640,"Broken Sword: Director's Cut, 2014-04-15, Revolution Software Ltd"
reina_san,327410,"A Bird Story, 2015-08-14, Freebird Games"
mikeytyson,335300,"DARK SOULS™ II: Scholar of the First Sin, 2015-04-02, Fromsoftware Inc"
zachster,357650,"Project Explore, 2015-10-07, Sebastian Nigro"
ED13,252350,"Double Dragon: Neon, 2014-02-06, Wayforwardabstraction Games"
ED13,262260,"Jets'n'Guns Gold, 2014-02-06, Rake In Grass"
Leopardts,383120,"Empyrion - Galactic Survival, 2015-08-05, Eleon Game Studios"
adi_a12,384150,"TeraBlaster, 2015-09-13, Black Shell Games"
76561198068688231,246070,"Hack 'n' Slash, 2015-01-20, Double Fine Productions"
SavviSYD,357900,"Make it indie!, 2015-04-02, Sometimes You"
L0RD117,6000,"STAR WARS™ Republic Commando™, 2015-05-18, Lucasarts"
Teknoe,12500,"PuzzleQuest: Challenge of the Warlords, 2011-09-14, Infinite Interactive"
ArchangelItherael,4570,"Warhammer® 40,000: Dawn of War® - Game of the Year Edition, 2015-12-28, Relic Entertainment"
76561198025409181,20540,"Company of Heroes: Tales of Valor, 2015-08-01, Relic Entertainment"
76561198022316167,240970,"Half Minute Hero: The Second Coming, 2015-06-22, Opus"
Scorpion1903,3483,"Peggle Extreme, 2015-10-01, Popcap Games Inc"
drdoob,263740,"FootLOL: Epic Fail League, 2015-09-01, Lions Shade"
lmn8rx,39140,"FINAL FANTASY VII, 2013-11-29, Square Enix"
TheRealMeatyMate,280,"Half-Life: Source, 2013-11-26, Valve"
Videogamedunderly,404480,"SC2VN - The eSports Visual Novel, 2015-09-29, Team Eleven Eleven"
PritchardGSD,249630,"Delver, 2014-11-27, Priority Interrupt"
MrProvidings,1280,"Darkest Hour: Europe '44-'45, 2014-01-11, Darklight Games"
76561198044060397,263420,"Probably Archery, 2014-11-07, South East Games"
76561198006896411,234140,"Mad Max, 2015-10-23, Avalanche Studiosferal Interactive Maclinux"
76561198057519270,287100,"Chaos Domain, 2015-04-20, Holy Warpblack Wing Foundation"
UberScapE,4580,"Warhammer® 40,000: Dawn of War® - Dark Crusade, 2014-06-23, Relic Entertainment"
BestinTheWorldThund3r,360,"Half-Life Deathmatch: Source, 2013-12-01, Valve"
minecast24,243800,"Gas Guzzlers Extreme, 2015-02-27, Gamepires"
76561198018293914,18820,"Zero Gear, 2014-06-21, Brian Cronin"
111222333444555666888,307880,"Savage Lands, 2015-11-21, Signal Studiossmart Ghost"
10Degree,351990,"Riff Racer - Race Your Music!, 2015-12-30, Foam Entertainment"
ryno69445,260160,"The Last Tinker™: City of Colors, 2014-07-02, Mimimi Productions"
a4nic8er,208140,"Endless Space® - Collection, 2012-12-31, Amplitude Studios"
Adnurak,263680,"Unearthed: Trail of Ibn Battuta - Episode 1 - Gold Edition, 2014-03-03, Semaphore"
76561198067070151,299460,"Woodle Tree Adventures, 2015-11-05, Fabio Ferrara"
Agnt007,360640,"12 Labours of Hercules II: The Cretan Bull, 2015-12-30, Jetdogs Studioszoom Out Games"
goblinop,236790,"Agricultural Simulator 2013 - Steam Edition, 2014-04-23, Actalogic"
76561198062396491,359050,"Shower With Your Dad Simulator 2015: Do You Still Shower With Your Dad, 2015-12-31, Marbenx"
ohsotoast,267530,"The LEGO® Movie - Videogame, 2015-05-02, Tt Fusiontravellers Talesferal Interactive Mac"
ManiFoldKinesis,292120,"FINAL FANTASY® XIII, 2014-10-16, Square Enix"
4RCH4NG3Ll,307170,"Borealis, 2015-12-14, Conrad Nelson"
archangel147,32380,"STAR WARS™ Jedi Knight: Dark Forces II, 2015-08-05, Lucasarts"
AriakWolf,285480,"The Entente Gold, 2015-01-11, Lesta Studio"
76561198057583546,343270,"Disillusions Manga Horror, 2015-02-05, Stephenallen"
ThePratama190,302970,"Radiant Defense, 2014-08-25, Hexage"
virtueavatar,21660,"Street Fighter® IV, 2011-03-05, Capcom"
76561198050868578,282400,"SuperPower 2 Steam Edition, 2015-11-10, Golemlabs"
alyboxie,32340,"LOOM™, 2012-08-27, Lucasarts"
76561198057926017,310080,"Hatoful Boyfriend, 2015-12-27, Mediatonichato Moathe Irregular Corporation"
76561198006560154,13600,"Prince of Persia®: The Sands of Time, 2014-02-20, Kudosoft"
VilePurple,225080,"Brothers - A Tale of Two Sons, 2015-08-15, Starbreeze Studios Ab"
BeyondBlitz,17580,"Dystopia, 2013-12-13, Puny Human"
GOFUCKYOURSELFYOULILCUNT,324080,"Rising World, 2015-10-10, Jiwgames"
76561198069183109,32800,"Lord of the Rings: War in the North, 2014-02-12, Snowblind Studios"
giveyouagoodlink,204080,"The Showdown Effect, 2015-07-27, Arrowhead Game Studios"
giveyouagoodlink,244590,"Epigenesis, 2015-09-01, Dead Shark Triplepunch"
Vri404,293760,"Automation - The Car Company Tycoon Game, 2015-09-14, Camshaft Software"
brat81,55110,"Red Faction®: Armageddon™, 2012-01-02, Volition"
76561198095920833,34010,"Alpha Protocol™, 2015-06-06, Obsidian Entertainment"
tinbgr,220700,"RPG Maker VX Ace, 2014-12-01, Kadokawa"
76561198138045913,42120,"Lead and Gold: Gangs of the Wild West, 2015-06-20, Fatshark"
76561198054131489,367670,"Controller Companion, 2015-05-06, Koga Tech Limited"
HyperionDooM93,225280,"Full Mojo Rampage, 2014-11-15, Over The Top Games"
76561198040183690,350150,"Scraps: Modular Vehicle Combat, 2015-07-08, Moment Studio"
aaronaaronaaron,335840,"Goats on a Bridge, 2015-02-08, Cabygon"
Crafe,332500,"GRAV, 2015-11-15, Bitmonster Inc"
crashsg32hatesspam,266490,"Lili: Child of Geos - Complete Edition, 2014-12-21, Bitmonster Inc"
76561198093983570,360940,"The Mean Greens - Plastic Warfare, 2015-12-16, Virtual Basement Llccode Headquarters Llc"
76561198095839864,247950,"Sacred 3, 2015-01-02, Keen Games"
Razorleaff,340340,"Domestic Dog, 2015-04-13, Sean Davy"
cyroth,250620,"Among the Sleep - Enhanced Edition, 2014-06-02, Krillbite Studio"
itsdandytime,281820,"Explodemon, 2014-11-13, Curve Studios"
agenteagle,30,"Day of Defeat, 2013-12-09, Valve"
agenteagle,60,"Ricochet, 2013-11-27, Valve"
voaDs,50,"Half-Life: Opposing Force, 2015-05-16, Gearbox Software"
davidmwilliams,385830,"Burgers, 2015-09-22, Stormsharks"
76561198016610271,288470,"Fable Anniversary, 2014-11-03, Lionhead Studios"
decronus,257510,"The Talos Principle, 2015-04-12, Croteam"
dpskipper,252530,"OMSI 2: Steam Edition, 2015-10-24, Mrsoftware Gbr"
76561198058177580,410340,"Liftoff, 2015-11-27, Lugus Studios"
deynarian,248800,"Dysfunctional Systems: Learning to Manage Chaos, 2013-10-02, Dischan Media"
BioFlashPC,345200,"Tasty Blue, 2015-02-20, Dingo Games"
djnemonic,108500,"Vessel, 2015-05-28, Strange Loop Games"
kharr999,248650,"Draw a Stickman: EPIC, 2013-12-04, Hitcents"
76561197996524718,350080,"Wolfenstein: The Old Blood, 2015-05-26, Machinegames"
Droleee,15100,"Assassin's Creed™: Director's Cut Edition, 2015-01-09, Ubisoft Montreal"
DefNotPeter,70400,"Recettear: An Item Shop's Tale, 2015-08-22, Easygamestation"
BESTPERSON,232010,"Euro Truck Simulator, 2015-03-06, Scs Software"
Eehee,9200,"RAGE, 2014-06-23, Id Software"
Ehryus,222140,"Puddle, 2014-07-30, Neko Entertainment"
Ember1654,18500,"Defense Grid: The Awakening, 2014-07-01, Hidden Path Entertainment"
emporer88,375910,"Anno 2205™, 2015-11-04, Blue Byte"
Etoka,42890,"Sword of the Stars: Complete Collection, 2014-10-03, Kerberos Productions Inc"
Frogpro007,65790,"ARMA: Cold War Assault, 2014-09-30, Bohemia Interactive"
InwPaiyouknow,231140,"Cities XL Platinum, 2014-01-04, Focus Home Interactive"
banksyyo,105800,"PixelJunk™ Eden, 2014-06-24, Qgames Ltd"
76561198010653835,294540,"Freddi Fish 3: The Case of the Stolen Conch Shell, 2014-06-24, Humongous Entertainment"
76561198010653835,17570,"Pirates, Vikings, and Knights II, 2015-04-07, Octoshark Studios"
76561198072930493,342570,"HIS (Heroes In the Sky), 2015-04-03, Gameus Inc"
76561198064006861,302510,"Ryse: Son of Rome, 2015-12-27, Crytek"
pancakes37,259450,"Drifter, 2015-10-15, Celsius Game Studios"
76561198084533872,231060,"Ragnarok Online 2, 2014-07-02, Gravity Inc"
ratgnomekingkeem,38740,"EDGE, 2014-10-05, Two Tribes"
halofan360,214770,"Guacamelee! Gold Edition, 2015-10-22, Drinkbox Studios"
foxlets,47890,"The Sims™ 3, 2013-12-15, The Sims Studio"
imsodonionringsrightnow,15130,"Beyond Good and Evil™, 2014-11-10, Ubisoft"
Kurtz70,377860,"Mushihimesama, 2015-12-12, Cave Interactive Coltd"
Hango115,39190,"Dungeon Siege, 2015-04-07, Gas Powered Games"
Hango115,26800,"Braid, 2015-11-16, Number None"
Hexeus,259530,"Savant - Ascent, 2014-12-23, Dpad Studio"
Hexeus,328500,"Potatoman Seeks the Troof, 2014-12-24, Pixeljam"
hterrormc,251170,"Damned, 2015-04-24, Heads Game Studios"
elephantdick,291010,"The Hat Man: Shadow Ward, 2015-05-03, Game Mechanics"
jaico99rules,9160,"Master Levels for Doom II, 2014-07-20, Id Software"
quaz4,15390,"Brothers in Arms: Hell's Highway™, 2012-12-09, Gearbox Software"
nealsavage,285050,"Showtime!, 2015-01-28, Myrtilus Entertainment"
76561197966587792,2200,"Quake III Arena, 2015-01-19, Id Software"
jett1234,209270,"Hero Academy, 2014-12-18, Robot Entertainment"
dzakuan,290650,"Time Ramesside (A New Reckoning), 2014-08-15, Panzer Gaming Studios"
dzakuan,307340,"Platypus, 2015-01-18, Idigicon"
76561198042151503,273840,"Stock Car Extreme, 2015-07-13, Reiza Studios"
Joshua12345195,269270,"LOVE, 2015-07-25, Fred Wood"
diegoenoisfunksumare,314300,"CubeZ, 2015-11-02, Imaekgames Imaek Limited"
76561198035588684,92000,"Hydrophobia: Prophecy, 2014-03-07, Dark Energy Digital Ltd"
wiinga,337070,"Dimmdrive :: Gaming Ramdrive @ 10,000+ MB/s, 2015-01-02, Dimmdrive Inc"
superkingofthings,315340,"A.R.E.S. Extinction Agenda EX, 2014-10-04, Extend Studio"
kaizan12,304730,"Train Fever, 2014-09-10, Urban Games"
threashold,304670,"Aeon Command, 2014-10-28, Bat Country Games Llc"
76561198019293015,97100,"Section 8®: Prejudice™, 2012-03-03, Timegate Studios"
76561198004245030,318020,"Act of Aggression - Reboot Edition, 2015-10-03, Eugen Systems"
krogdog,50510,"Burn Zombie Burn!, 2011-06-24, Doublesix"
76561198064599173,252910,"Skyscraper Simulator, 2015-11-21, United Independent Entertainment Gmbhactalogic"
76561197990895276,92700,"Shadow Harvest: Phantom Ops, 2014-01-07, Black Lion Studios"
loafofcheese,221020,"Towns, 2014-01-27, Xavi Canal Ben Palgi"
Lubnut,24840,"Medal of Honor: Airborne, 2014-06-20, Ea Los Angeles"
76561198041085273,367450,"Poly Bridge, 2015-07-03, Dry Cactus"
Tempercanns,243360,"TrackMania² Valley, 2015-09-20, Nadeo"
lyskal,359040,"The Music Machine, 2015-07-15, David Szymanski"
UMURAI,372210,"Spooky Cats, 2015-08-18, Russpuppy"
troiani8,241720,"Guncraft, 2013-10-25, Exato Games Studio"
stuntaneous,6420,"Nexus - The Jupiter Incident, 2013-07-23, Mithis Gamesthq Nordic"
ILikeToMeow,94000,"Dinner Date, 2014-07-30, Stout Games"
mercuryr,339290,"Castle, 2015-01-30, Snails Animation"
76561198072358583,207170,"Legend of Grimrock, 2013-12-06, Almost Human Games"
mikeyg74,407600,"Raiden Legacy - Steam Edition, 2015-12-11, Dotemu"
Milkshakes-,365660,"OlliOlli2: Welcome to Olliwood, 2015-08-13, Roll"
anonymoosebrony,253980,"Enclave, 2015-05-29, Starbreeze"
76561198034277356,289760,"ROCKETSROCKETSROCKETS, 2015-01-31, Radial Games Corploren Bednardr Kimberly Volllindsay Jorgensen"
mozzie-killer,200050,"Naval War: Arctic Circle, 2014-08-01, Turbo Tape Games"
mrmutantduck,258590,"Adventure Time: Finn and Jake's Epic Quest, 2014-04-15, Ngd Studios"
mtmoss,261530,"Lifeless Planet Premier Edition, 2014-04-28, Stage Studios"
Murix,2300,"DOOM II, 2015-12-11, Id Software"
mutatedwombat,297350,"The Old City: Leviathan, 2014-12-06, Postmod Softworks"
76561198094507877,313690,"LEGO® Batman™3: Beyond Gotham, 2015-04-11, Tt Games Ltdferal Interactive Mac"
76561198083293252,257730,"Infinity Wars: Animated Trading Card Game, 2014-02-25, Lightmare Studios"
thetimegoesfastxd77,248170,"Clickteam Fusion 2.5, 2015-10-14, Clickteam"
thetimegoesfastxd77,262490,"Manga Maker Comipo, 2015-03-19, Comipo Llp"
76561198040914212,310700,"Super Win the Game, 2014-10-01, Minor Key Games"
76561198040914212,312630,"OTTTD, 2014-08-22, Smg Studio"
improm8,217690,"Anna - Extended Edition, 2014-08-14, Dreampainters"
SenorcThePie,401810,"Poi, 2015-11-30, Polykid"
omegavondoom,36000,"Foreign Legion: Buckets of Blood, 2011-07-09, Sakari Indie"
PatSWAG,274620,"Skara - The Blade Remains, 2014-12-23, Bit Studio"
76561198040385787,279260,"Richard &amp; Alice, 2014-06-21, Owl Cave"
IcarusRose,340300,"Teddy Floppy Ear - Mountain Adventure, 2015-12-14, Forever Entertainment S A"
kingpineapyula,342200,"MechWarrior Online™, 2015-12-18, Piranha Games Inc"
PinkamenaDianePyro,256050,"Adventure Park, 2014-01-21, Balive"
PlushTurtle,42920,"The Kings' Crusade, 2012-06-06, Neocoregames"
procrastin8or,102600,"Orcs Must Die!, 2011-12-27, Robot Entertainment"
Swahboo,105100,"Lume, 2014-12-05, State Of Play Games"
76561198026055531,312530,"Duck Game, 2015-07-31, Landon Podbielski"
freshafcakes,315600,"Ford Racing 3, 2015-05-18, Razorworks"
oopashfdiohasld,340350,"Quintet, 2015-05-30, Carmine T Guida"
76561197994830976,292630,"Uriel's Chasm, 2015-08-13, Rail Slave Games"
76561197994830976,348380,"The Interview, 2015-02-17, Anothink"
76561198018919551,294860,"Valkyria Chronicles™, 2015-11-25, Sega"
registeredso,304500,"Rooms: The Main Building, 2015-05-25, Handmade Game"
rockjond,203210,"Titan Attacks!, 2014-03-29, Puppygames"
mrjaksauce,7510,"X-Blades, 2013-10-18, Gaijin Entertainment"
roman90009,94200,"Jamestown, 2011-12-27, Final Form Games"
76561198039832932,342980,"Destination Sol, 2015-11-01, Movingblocks"
SambaWarKiddo,45700,"Devil May Cry 4, 2013-12-20, Capcom"
Armedxxp,326410,"Windward, 2015-05-15, Tasharen Entertainment Inc"
gjgfuj,321060,"Gender Bender DNA Twister Extreme, 2015-05-16, Transcendent Games"
heyitissantooo,269310,"Infectonator: Survivors, 2014-04-14, Toge Productions"
seveneightnine,244630,"NEOTOKYO, 2014-07-11, Studio Radi"
look_at_the_damn_profile,233470,"Evoland, 2014-01-10, Shiro Games"
76561197992681922,339400,"Runestone Keeper, 2015-10-23, Blackfire Games"
SKOOOTA,253350,"Tiny Barbarian DX, 2014-01-01, Starquail Games"
76561198060894699,248350,"Omegalodon, 2014-04-13, North Of Earth"
76561198060425303,344860,"Crystal Story II, 2015-09-08, Emmanuel Salva Cruz"
76561198066562072,266070,"City of Steam: Arkadia, 2014-05-30, Mechanist Games"
Stra7x,323380,"The Magic Circle, 2015-07-11, Question"
2ez2xl,40,"Deathmatch Classic, 2014-11-25, Valve"
smcs,20570,"Warhammer® 40,000: Dawn of War® II Chaos Rising, 2013-11-26, Relic Entertainmentferal Interactive Maclinux"
76561198066515292,365450,"Hacknet, 2015-08-14, Team Fractal Alligator"
76561197961718947,351050,"Cricket Captain 2015, 2015-07-15, Childish Things"
Tezzdog,326670,"Warhammer Quest, 2015-01-16, Rodeo Gamestwistplay"
doctorwho1233,110800,"L.A. Noire, 2013-04-29, Team Bondirockstar Leeds"
TheEternalDay,360550,"Cursed Sight, 2015-09-02, Invertmouse"
76561198086119658,7830,"Men of War™, 2014-06-11, Best Way"
76561198086119658,311140,"The Stalin Subway, 2014-12-04, Orion Games"
keth98,331200,"Grass Simulator, 2015-01-18, Daniel Davies"
THEGHOST646,12830,"Operation Flashpoint: Dragon Rising, 2014-06-30, Codemasters Studios"
Like_A_Director,210550,"Angry Birds Space, 2014-11-26, Rovio Entertainment Ltd"
TheyCallMeDaRrk,317710,"Velocibox, 2015-05-29, Shawn Beck"
OfficialVinyldash,219700,"Dogs of War Online, 2014-02-06, Cyanide"
76561198088209407,312010,"Bird Assassin, 2014-11-19, Social Loner Studios"
76561198017841947,292780,"Pajama Sam 2: Thunder and Lightning Aren't So Frightening, 2014-05-20, Humongous Entertainment"
Oodan432,221680,"Rocksmith® 2014 Edition - Remastered, 2015-01-05, Ubisoft San Francisco"
76561197971285616,370190,"Ruzh Delta Z, 2015-10-15, Pribuni"
76561198079662648,209520,"Mini Motor Racing EVO, 2013-12-30, The Binary Mill"
Wdsy,204530,"Infested Planet, 2013-10-22, Rocket Bear Games"
wookieegoldberg,225360,"DARK, 2013-11-27, Realmforge Studios"
xander_168,292240,"Spy Fox 2 ""Some Assembly Required"", 2014-05-15, Humongous Entertainment"
napoleoninrags,324810,"TOXIKK™, 2015-09-12, Reakktor Studios"
maibiglargebuttocks,280910,"T.E.C. 3001, 2014-05-08, Phoenix Game Studio"
76561198033992409,237890,"Agarest: Generations of War, 2015-03-07, Idea Factory"
KNGZigg,214970,"Intrusion 2, 2013-10-11, Aleksey Abramenko"
76561198076271617,270510,"EPOCH, 2014-07-03, Uppercut Games Pty Ltd"
zomgieee,62100,"Chime, 2010-12-09, Zo Mode"
theavatar2006,205610,"Port Royale 3, 2012-05-05, Gaming Minds"
creamybuthole,416640,"Diabolical, 2015-11-10, Choice Of Games"
76561198011004336,238910,"Bionic Dues, 2015-10-08, Arcen Games Llc"
DrQuaz,3800,"Advent Rising, 2014-06-08, Glyphx Games"
DrQuaz,202200,"Galactic Civilizations® II: Ultimate Edition, 2014-09-21, Stardock Entertainment"
jadziatuvok,218040,"Democracy 2, 2015-07-19, Positech Games"
yes12429,237950,"UFO: Afterlight, 2015-12-28, Altar Games"
SkinnyPirate,2990,"FlatOut 2™, 2013-08-04, Bugbear Entertainment"
SmokaBluntos,211280,"Primal Fears, 2014-04-04, Dns Development"
76561198060557951,412470,"Metal War Online: Retribution, 2015-12-15, Gdt Limited"
thugnificent,321030,"One Day For Ched, 2014-09-28, Bs Amp Bsl Team"
76561198079709365,24800,"Command &amp; Conquer: Red Alert 3 - Uprising, 2015-06-16, Ea Los Angeles"
rorty,269050,"Year Walk, 2015-01-18, Simogo"
Ameerthetrickster,215710,"Fieldrunners 2, 2015-12-30, Subatomic Studios Llc"
76561198096694241,265330,"Gomo, 2014-12-19, Fishcow Studio"
76561198096694241,286500,"House of 1,000 Doors: Family Secrets Collector's Edition, 2014-12-28, Alawar"
itsaprofileaboutnothing,298340,"FLASHOUT 2, 2014-06-06, Jujubee Sa"
neadekvat161,364050,"Face It - A game to fight inner demons, 2015-10-13, Tln Studiosilex Games"
Hati_Hati_Hati_Hati_Hati_Hati,375220,"Bitweb, 2015-06-04, Practicing"
reflexaus,264120,"Victory: The Age of Racing, 2014-03-01, Vae Victis Games"
Outbackalien,268220,"Meltdown, 2015-03-20, Phenomenon Games"
Outbackalien,304910,"Sky Gamblers: Storm Raiders, 2015-04-11, Atypical Games"
76561198048191382,60800,"Numen: Contest of Heroes, 2014-03-01, Cinemax Sro"
taku_88,323450,"Alphadia Genesis, 2015-11-09, Execreate"
76561198045884541,315860,"Celestian Tales: Old North, 2015-08-17, Ekuator Games"
stickmasterghost,305070,"FIST OF AWESOME, 2014-10-26, I Fight Bears"
CaptainTitus,259060,"Dominions 4: Thrones of Ascension, 2015-12-26, Illwinter Game Design"
toptinkerintheworld,204340,"Serious Sam 2, 2014-11-03, Croteam"
alvabur,356510,"Soccer Rage, 2015-09-05, Staminagames"
2Degrees,203630,"Warlock - Master of the Arcane, 2012-12-22, Inoco Plus"
76561198060027840,251470,"TowerFall Ascension, 2015-06-16, Matt Thorson"
thedevilinsidebr,42170,"Krater, 2013-11-25, Fatshark"
76561198064063056,102840,"Shank 2, 2013-12-17, Klei Entertainment"
76561198067361221,242700,"Injustice: Gods Among Us Ultimate Edition, 2013-12-31, Netherrealm Studioshigh Voltage Software"
artista69,254460,"Obscure, 2015-04-05, Hydravision Entertainment"
artista69,341940,"Hatred, 2015-06-02, Destructive Creations"
richbags12,392450,"Silver Creek Falls: Chapter 1, 2015-12-16, Sapphire Dragon Productions"
ughok,220460,"Cargo Commander, 2013-11-10, Serious Brew"
bebb0,300970,"Fiesta Online NA, 2015-07-09, Onson Soft"
76561198027517385,242640,"Styx: Master of Shadows, 2014-10-12, Cyanide Studio"
76561198053721457,208730,"Game of Thrones, 2014-04-16, Cyanide Studios"
76561198030021498,293740,"Road Not Taken, 2014-08-06, Spry Fox Llc"
DemonPieOfTheNight,63500,"Swords and Soldiers HD, 2011-12-22, Ronimo Games"
DemonPieOfTheNight,105420,"Ms. Splosion Man, 2014-10-07, Twisted Pixel Games"
76561198080399577,259430,"Zigfrak, 2014-11-08, Entheogen Studios Llc"
76561198080399577,305960,"Dragon: The Game, 2014-11-08, Sky Drake Studios"
bluemuppet,259600,"Finding Teddy, 2014-08-03, Storybird"
Hw__aN,206690,"iBomber Defense Pacific, 2013-08-20, Cobra Mobile"
thisidisused,263100,"9.03m, 2014-01-17, Space Budgie"
pabloagecrash,285160,"LEGO® The Hobbit™, 2014-12-25, Travellers Talesferal Interactive Mac"
Bowmore,6220,"FlatOut, 2013-09-14, Bugbear Entertainment"
76561198063539698,49800,"Flight of the Icarus, 2015-05-01, Muse Games"
buzdbumblebee,71230,"Crazy Taxi, 2014-12-22, Sega"
76561198122930698,257120,"Not The Robots, 2014-11-04, Darray"
caiowulf,335890,"Nanofights, 2015-10-14, Quantumfrog"
Shihad,266110,"Tower of Guns, 2014-11-06, Terrible Posture Games"
channel28,269490,"Bardbarian, 2015-03-01, Treefortress Games"
PotatoBlazing,278970,"Digger Online, 2015-09-29, Diggerworld Ltd"
76561198070439611,73170,"Darkest Hour: A Hearts of Iron Game, 2013-12-16, Martin Ivanov"
CockInCider,283960,"Pajama Sam: No Need to Hide When It's Dark Outside, 2014-04-20, Humongous Entertainment"
darkn64,200170,"Worms Revolution, 2014-06-24, Team Digital Ltd"
rudetube,317620,"Space Hulk Ascension, 2015-03-27, Full Control Studios"
76561197982203533,205990,"Warlock 2: The Exiled, 2015-01-14, Inoco Plus"
CowOnWeed,2270,"Wolfenstein 3D, 2015-06-13, Id Software"
Crackleking76,96800,"Nexuiz, 2013-04-24, Illfonic"
cyckath,32440,"LEGO® Star Wars™ - The Complete Saga, 2011-11-03, Travellers Talesferal Interactive Mac"
Dabeh,44200,"Galcon Fusion, 2015-05-05, Hassey Enterprises Inc"
Aragnum,407510,"Devilian, 2015-12-12, Bluehole Ginno Games"
dickspitarm,314410,"Rampage Knights, 2015-11-06, Rake In Grass"
527788235,291250,"Jumpdrive, 2015-09-13, Meteoric Games"
detailmovie,287120,"Ionball 2: Ionstorm, 2015-12-25, Ironsun Studios"
comcozzolino01,358090,"D4: Dark Dreams Don’t Die -Season One-, 2015-11-16, Access Games"
Scalarius,243970,"Invisible, Inc., 2015-05-31, Klei Entertainment"
EastMud,394510,"HELLDIVERS™, 2015-12-09, Arrowhead Game Studios"
Pineapplesarereallytasty,207730,"Arena Wars 2, 2014-07-06, Exdream Gmbh"
triraquer,304350,"Wildlife Park 2, 2015-06-05, Balive Gmbh"
elliottgame,409510,"Genesis Online, 2015-11-13, Shumkov Dmitriy"
_Esdeath_,367120,"Seduce Me the Otome, 2015-06-06, Michaela Laws"
76561198082706194,11590,"Hospital Tycoon, 2014-09-08, Deep Red Limited"
VHC_Forseti,72000,"Closure, 2013-01-18, Eyebrow Interactive"
Francyum,290340,"Armello, 2015-03-25, League Of Geeks"
Jeeeeeeeeees,38460,"MDK 2, 2013-01-11, Bioware Corporation"
gabflo,300300,"Ichi, 2015-06-13, Stolen Couch Games"
76561198102093684,385710,"INK, 2015-08-06, Zackbellgames"
shamboa-58,247140,"Soundodger+, 2014-02-03, Studio Bean"
76561198070585472,342740,"Samudai, 2015-02-09, Geek Sloth Games"
76561198052513392,306550,"Runers, 2014-09-15, Lgk Games"
76561197985031488,327220,"Anna's Quest, 2015-07-03, Daedalic Entertainment"
fernandobeltran,7840,"Death Track®: Resurrection, 2013-11-07, Sky Fallen"
76561198038259170,239840,"Dead State: Reanimated, 2014-04-15, Doublebear Productions"
Parappatherapperisbest,319140,"Xeodrifter™, 2015-12-19, Renegade Kid"
herio,243950,"Divinity: Dragon Commander, 2014-03-13, Larian Studios"
herio,339190,"Dead Synchronicity: Tomorrow Comes Today, 2015-04-15, Fictiorama Studios"
drkrise,254200,"FortressCraft Evolved!, 2015-09-18, Projectorgames"
longinus,214340,"Deponia, 2014-03-29, Daedalic Entertainment"
76561198077658105,252410,"SteamWorld Dig, 2013-12-19, Image Amp Form"
Hobgoblin101,288370,"Strike Suit Zero: Director's Cut, 2014-08-01, Born Ready Games"
HunteR_au,328070,"Reflex Arena, 2015-10-31, Turbo Pixel Studios"
IceBergs,317440,"Quantum Rush Champions, 2015-11-04, Gameart Studio Gmbh"
76561198062988175,4850,"Cossacks: Back to War, 2013-02-02, Gsc Game World"
immunity,17450,"Dragon Age: Origins, 2010-12-15, Bioware"
76561198008825050,289690,"LARA CROFT AND THE TEMPLE OF OSIRIS™, 2014-12-08, Crystal Dynamics"
76561198072672804,225420,"Cities in Motion 2, 2014-06-24, Colossal Order Ltd"
something_random,11130,"Sherlock Holmes: The Mystery of the Mummy, 2014-12-16, Frogwares"
thestreetsshallrunwhite,207430,"Hack, Slash, Loot, 2015-04-22, David Williamson"
76561198050861063,305380,"Blue Estate The Game, 2015-04-22, He Saw"
76561197986552181,345440,"Vapour, 2015-07-07, Skobbejak Games"
RuseOwl,355250,"STAR WARS™: TIE Fighter Special Edition, 2015-05-22, Totally Games"
kodell,246940,"Lords of the Black Sun, 2014-10-08, Arkavi Studios"
kodell,335660,"CAFE 0 ~The Drowned Mermaid~, 2015-07-03, Roseverte"
kummaz,267940,"Glacier 3: The Meltdown, 2015-10-24, Team Studios"
avenger_leo,313010,"Cities XXL, 2015-02-05, Focus Home Interactive"
lexby,297210,"Famaze, 2015-01-25, Oryx Design Lab"
lucke123,215100,"Ragnarok Online, 2014-08-17, Gravity Interactive"
76561198026091900,415420,"Nyan Cat: Lost In Space, 2015-12-31, Istom Games Kft"
luizmce,399430,"Tinboy, 2015-11-04, Razvan"
lurchibald,423120,"Community College Hero: Trial by Fire, 2015-12-16, Hosted Games"
76561198049937609,272890,"Vertiginous Golf, 2014-12-20, Kinelco Amp Lone Elk Creative"
76561198058752236,266150,"Lost Saga NA, 2015-09-08, Io Entertainment"
091263,262550,"Gunman Clive, 2014-02-23, Hrberg Productions"
76561198066639517,38420,"Fallout Tactics: Brotherhood of Steel, 2015-07-01, East"
76561198084307939,317790,"Rexaura, 2015-06-03, Benjamin Bryant"
MeguminUce,16720,"Velvet Assassin, 2014-06-26, Replay Studios"
GoodOlDick,323240,"The World II: Hunting BOSS, 2014-11-18, Good Games"
notsaddam,297490,"Spy Chameleon - RGB Agent, 2015-07-22, Unfinished Pixel"
76561198087566671,46350,"Real Warfare 1242, 2015-03-17, Unicorn Games Studio"
Zeboz,322980,"Gods vs Humans, 2014-10-11, Artefacts Studio"
Moomoomang,214610,"Cherry Tree High Comedy Club, 2014-04-15, "
76561198059457068,258050,"Survivor Squad, 2014-08-01, Endless Loop Studios"
superredranga,319570,"Heroes of SoulCraft - Arcade MOBA, 2015-07-27, Mobilebits"
NinjaCowboy96,9070,"DOOM 3 Resurrection of Evil, 2015-03-08, Id Software"
BLACKERISFASTER,31860,"Nancy Drew®: Legend of the Crystal Skull, 2014-12-30, Her Interactive"
BLACKERISFASTER,31930,"Nancy Drew®: The White Wolf of Icicle Creek, 2014-03-12, Her Interactive"
765611980830929333,41060,"Serious Sam Classic: The Second Encounter, 2013-11-30, Croteam"
ELCHAPOELCHAPOELCHAPO,3590,"Plants vs. Zombies GOTY Edition, 2015-07-02, Popcap Games Inc"
MexyMax,343360,"Particula, 2015-08-14, Microblast Games"
76561198084029298,207690,"Botanicula, 2014-02-11, Amanita Design"
76561198043798473,208750,"Apotheon, 2015-06-14, Alientrap"
pawapi,298520,"Orbital Gear, 2015-06-11, Night Node"
FireNoodle,261510,"Tesla Effect: A Tex Murphy Adventure, 2015-11-26, Big Finish Games"
phlosten,3050,"Xpand Rally Xtreme, 2014-05-02, Techland"
76561198071091263,351140,"Rustbucket Rumble, 2015-07-14, Reactor Zero"
76561198070476536,352950,"Better Late Than DEAD, 2015-07-30, Odin Game Studio"
PortHashbrown,267340,"Beware Planet Earth, 2015-10-28, Lightmare Studio"
GGguy,400250,"Heaven Island - VR MMO, 2015-12-28, Fabio Ferraragiulia Airoldi"
jamessnee1,373390,"Contradiction - Spot The Liar!, 2015-08-17, Baggy Cat Ltd"
76561198083488994,228440,"Cubemen 2, 2015-08-14, Sprockets"
Ranneko,15520,"AaAaAA!!! - A Reckless Disregard for Gravity, 2011-07-04, Dejobaan Games Llc"
Ranneko,33680,"eversion, 2010-11-22, Zaratustra Productions"
76561197999483873,381560,"Epic Cards Battle(TCG), 2015-08-10, Momostorm Entertainment"
76561197999483873,406080,"Ant War: Domination, 2015-10-06, Anarchy Enterprises"
76561198062650200,216890,"Blood Bowl: Chaos Edition, 2014-02-19, Cyanide Studios"
Ryufus,94300,"The Dream Machine: Chapter 1 &amp; 2, 2015-10-23, Cockroach Inc"
alikazamer,252250,"Maia, 2014-01-07, Simon Roth"
pandainabag,357600,"Unium, 2015-06-15, Kittehface Software"
Skepps1,211180,"Unmechanical, 2012-08-18, Talawa Games"
76561198081092125,322900,"War, the Game, 2015-01-12, Gabbergamescom"
empiregames,285500,"Hard Truck Apocalypse / Ex Machina, 2015-09-13, Targem Games"
seige7,207790,"Jane's Advanced Strike Fighters, 2015-11-26, Trickstar Games"
76561197991723203,238260,"Pinball Arcade, 2015-08-14, Farsight Studios"
76561197964402427,255300,"Journey of a Roach, 2014-12-16, Koboldgamesdaedalic Entertainment"
skaarh,313020,"Soul Gambler, 2015-06-11, Tln Studios"
SkumbagSpokes,104200,"BEEP, 2015-09-30, Big Fat Alien"
SuperSkybolt,327090,"Out of Reach, 2015-11-01, Space Boat Studios"
76561198037541199,200150,"Battle Chess: Game of Kings™, 2014-03-24, Olde Sklsculptured Software"
76561198084741314,9500,"Gish, 2013-09-30, Cryptic Sea"
76561198071755562,397680,"FIREFIGHT RELOADED, 2015-11-21, Bitlcobalt"
76561197966590415,331190,"Master Spy, 2015-12-27, Turbogun"
mashedspudtatoes,26900,"Crayon Physics Deluxe, 2011-12-27, Kloonigames"
cakeflurry,347830,"Fairy Fencer F, 2015-08-06, Idea Factorycompile Heart"
SuperScore,283430,"Litil Divil, 2015-03-10, Gremlin Interactive"
76561198001160024,268970,"You Are Not The Hero, 2015-06-07, Tomorning Productions"
76561198038741062,355950,"Age of Empires II HD: The African Kingdoms, 2015-11-05, Skybox Labsforgotten Empires"
theokman,12480,"9th Company: Roots Of Terror, 2014-08-30, Noviy Disklesta Studios Inc"
76561198093711678,356310,"METAL SLUG DEFENSE, 2015-05-08, Snk Corporation"
theanyelpes,378850,"Galagan's Island: Reprymian Rising, 2015-11-18, Skinny Jean Death Studios"
Treecko56,265120,"Meridian: New World, 2014-12-27, Elder Games"
76561198062177156,390520,"PewDiePie: Legend of the Brofist, 2015-12-10, Outerminds Inc"
76561198029069901,63940,"Men of War: Vietnam, 2011-09-09, C Company"
76561198061971210,296240,"The Promised Land, 2014-10-28, Boolat Gamesalawar Entertainment"
76561198044458526,336670,"HIT, 2015-02-18, Shifty Chair Games"
worstcardinthegame,246110,"MASSIVE CHALICE, 2015-11-27, Double Fine Productions"
thabogg,349720,"Audition Online, 2015-07-04, T Entertainment"
76561198050358552,242130,"Vector Thrust, 2015-01-15, Timesymmetry"
GenSeed,91200,"Anomaly: Warzone Earth, 2011-08-02, Bit Studios"
76561197969434273,233550,"Another World – 20th Anniversary Edition, 2014-01-01, Eric Chahidotemu"
icantwait,207400,"eXceed 3rd - Jade Penetrate Black Package, 2013-08-03, Tennensozai"
burningfeetman,48950,"Greed Corp, 2011-12-24, Vanguard Games"
ambosse,237760,"Intake, 2015-04-27, Cipher Prime Studios"
Gcthemonkey,321610,"Demonlisher, 2014-11-27, Brain Bombers"
76561198001898634,383580,"Flesh Eaters, 2015-07-12, Sc Bit Nights Srl"
alienc,352700,"Subspace Continuum, 2015-07-03, Virgin Interactive Entertainmentpriitk"
mconceptions,340580,"Armed with Wings: Rearmed, 2015-11-03, Sunstudios"
BoomerBacon,2590,"Alpha Prime, 2014-11-21, Black Element"
BoomerBacon,33950,"Fish Fillets 2, 2014-11-22, Altar Games"
komarexpl,78000,"Bejeweled® 3, 2014-07-05, Popcap Games Inc"
redpillgaming,328830,"Rugby Union Team Manager 2015, 2014-12-08, Alternative Software Ltd"
Dragim,296970,"Renowned Explorers: International Society, 2015-12-20, Abbey Games"
76561198023374983,266390,"Farm for your Life, 2014-07-03, Hammer Labs"
Ovakil,240620,"Wanderlust Adventures, 2015-08-10, Yeti Trunk"
meglonoth,216910,"Of Orcs And Men, 2013-08-15, Cyanide Studio Spiders Studios"
meglonoth,275510,"Z Steel Soldiers, 2015-08-17, Ticktock Games"
meglonoth,275530,"Z, 2014-10-05, Ticktock Games"
76561198029064257,16600,"Trials 2: Second Edition, 2012-10-22, Redlynx"
76561198029064257,205060,"BIT.TRIP CORE, 2013-05-19, Gaijin Games"
drclockface,290890,"You Must Build A Boat, 2015-06-29, Eightyeightgames"
andrew2010,263340,"Continue?9876543210, 2014-04-07, Jason Oda"
76561198041127602,358250,"Cosmo's Cosmic Adventure, 2015-10-19, D Realms Apogee Software"
PlayDusty,327520,"Traverser, 2015-07-28, Gatling Goat Studios"
PlayDusty,343710,"Kholat, 2015-07-28, Imgnpro"
reywqrrtty,63700,"BIT.TRIP BEAT, 2013-12-10, Gaijin Games"
bymyselfformyself,245150,"The Novelist, 2014-12-18, Orthogonal Games"
Airtay,293320,"Coma: Mortuary, 2014-09-26, Nova Dimensionnaga Entertainment"
justin1011,210870,"Cloudberry Kingdom™, 2014-07-26, Pwnee Studios"
seiuchi,277520,"Albedo: Eyes from Outer Space, 2015-09-28, Zg And Ivan Venturi Productions"
MATTBOT12,296910,"8BitBoy™, 2015-09-22, Awesomeblade"
76561198052998873,8000,"Tomb Raider: Anniversary, 2015-12-11, Crystal Dynamicsferal Interactive Mac"
BecHyIIIka,269330,"Chronology, 2015-03-09, Bedtime Digital Games"
76561198055968875,327950,"Sword of the Samurai, 2014-10-19, Microprose Software Inc"
mercoledi,362410,"Adam's Venture Chronicles, 2015-11-04, Vertigo Games"
lachlantatton,258760,"Scania Truck Driving Simulator, 2014-09-13, Scs Software"
76561198058675994,376210,"The Isle, 2015-12-08, Afterthought Llc"
justclose,6850,"Hitman 2: Silent Assassin, 2014-03-03, Iointeractive As"
xiege3,345350,"LIGHTNING RETURNS™: FINAL FANTASY® XIII, 2015-12-11, Square Enix"
ninjamagics,229870,"ShootMania Storm, 2015-07-03, Nadeo"
76561198063817275,313590,"Boo Bunny Plague, 2014-09-04, On The Level Game Studios"
SladeWillsonDeathstroke,7000,"Tomb Raider: Legend, 2012-11-07, Crystal Dynamics"
76561198064710794,289600,"Marauder, 2014-10-11, Apeiron"
sunnydazeex,241240,"Contraption Maker, 2015-05-12, Game Dev Castle"
daflyinskwirel,220740,"Chaos on Deponia, 2014-07-04, Daedalic Entertainment"
76561198068325461,288040,"Actual Sunlight, 2014-10-08, Wzogi"
Katzieon,324680,"Impossible Creatures Steam Edition, 2015-11-28, Relic Entertainmentthq Nordic"
76561198070022613,299780,"Noir Syndrome, 2014-07-19, Glass Knuckle Games"
supersayianswagger,23310,"The Last Remnant™, 2013-07-15, Square Enix"
WANKING_PEACH,314520,"Euro Fishing, 2015-11-14, Dovetail Games"
76561198070997482,324570,"Halo: Spartan Strike, 2015-04-24, Industriesvanguard Games"
jokasavage,296770,"Real Boxing™, 2015-04-29, Vivid Games Sa"
76561198072199166,411560,"Reveal The Deep, 2015-12-07, Lazy Monday Games"
Hotbiscuits,46440,"Future Wars, 2014-07-22, Headup Games Radon Labs"
sanuk_games,354160,"WRC 5 FIA World Rally Championship, 2015-10-16, Kylotonn Racing Games"
sanuk_games,409450,"The Fall of the Dungeon Guardians - Enhanced Edition, 2015-11-07, Mana Games"
BigAndySon,96200,"Steel Storm: Burning Retribution, 2014-04-25, Kot In Action Creative Artel"
rainbowbaloney,243280,"Poöf, 2014-06-14, Arkedo"
76561198081155725,319450,"Chariot, 2014-12-27, Frima Studio"
76561198081155725,285820,"Action Henk, 2015-08-01, Ragesquid"
76561198087837304,384980,"Battle for Blood - Epic battles within 30 seconds!, 2015-08-28, Yfc Games"
danielito38,286360,"Shadows on the Vatican Act I: Greed, 2015-01-30, Th Art Studioadventure Productions"
76561198089588759,411570,"Zombie Exodus, 2015-10-27, Hosted Games"
ZennyAckbar,6980,"Thief: Deadly Shadows, 2014-03-24, Ion Storm"
NotForPikachu,262960,"Castle In The Darkness, 2015-06-28, Matt Kapnicalis Inc"
themajesticlemon,205080,"BIT.TRIP FATE, 2013-12-31, Gaijin Games"
76561198094471302,227560,"Scourge: Outbreak, 2014-05-04, Tragnarion Studios"
McCatson,400240,"The Deer, 2015-12-04, Fabio Ferraragiulia Airoldi"
MsVen,374090,"Winter Sports Trilogy Super Pack, 2015-09-11, Games"
vitusdias,383230,"Dungeon Souls, 2015-07-11, Lamina Studiosmike Studios"
76561198109102495,61730,"Critter Crunch, 2014-06-25, Capybara Games"
76561198114558878,349100,"Notrium, 2015-12-19, Instant Kingdom"
inven,259410,"Sneaky Sneaky, 2015-10-29, Naiad Entertainment Llc"
76561198122431305,349740,"Shelter 2 Soundtrack, 2015-03-23, Might And Delight"
Fr0sticlesOfficial,274350,"Dropsy, 2015-09-17, Tendershoota Jolly Corpse"
SamuelTepes,358290,"Hocus Pocus, 2015-06-13, Moonlite Software"
SamuelTepes,358340,"Word Rescue, 2015-06-13, Redwood Games"
blackdmulisha,352400,"LEGO® Jurassic World, 2015-10-19, Tt Games Ltdferal Interactive Mac"
K1NGCJS,294230,"Millie, 2015-07-22, Forever Entertainment S A"
laislabonita75,305920,"Another Perspective, 2015-06-13, Shaunjs"
laislabonita75,367780,"Aero's Quest, 2015-06-11, Soloweb Studiosravens Eye Studio"
llDracuwulf,307130,"Asteria, 2015-10-29, Legend Studio"
